commit_id,lines_added,lines_removed,lines_modified,lines_changed,files_changed,commit_role,project,dataset_source
8cf6848f4d4d4917a4551c9aa49dc00f699eb569,509,10,34,553,3,VFC,hawtio,TOSEM
fb3c03549e0c06dedef5eb97e8a1965369689fe1,245,24,11,280,6,VIC,hawtio,TOSEM
a34f55fc97a81966faf21e3ae404ec24f1f31cf7,4,2,7,13,3,VFC,uaa,TOSEM
bb8ff8f4e8969b46fdacffcd27781d223c8c7244,142,7,0,149,3,VIC,uaa,TOSEM
6808b11cd6d97c71a2eed754ed4f955acd789086,2,0,1,3,1,VFC,core,TOSEM
8e413202fa1af08c09c580f444e4fd16874f9c65,36,12,25,73,3,VFC,core,TOSEM
c3179e839d2f031efac7545bfd259fa31a3bcdcb,183,37,26,246,9,VIC,core,TOSEM
4a4dc99c7b259646ee5e23b7aaa7c3a8bac959c1,0,0,3,3,1,VFC,transport-http,TOSEM
f57401801f2ec31e4beefa2f81adfe431e5398e3,2312,0,0,2312,28,VIC,transport-http,TOSEM
09147ffad2b3046ed21af0f524c5088e2ac551e,5,1,2,8,1,VFC,struts,TOSEM
bd3f2f59c9b09f70aed3ebab6bb69b464ee2d6c,1,2,1,4,1,VFC,struts,TOSEM
dae026a0f0511f83852053bae9d5a622e7f8048,15,1,1,17,2,VFC,struts,TOSEM
dbc620f84ffb626c6e6738afe0578d617a2b3d3,4,0,2,6,1,VFC,struts,TOSEM
93866341ec5396d07b5829be55110ff09dc81bc,14,0,1,15,2,VFC,struts,TOSEM
c01d3a92db7f71f751a0522912d24bcf4a94a1b0,50494,0,0,50494,540,VIC,struts,TOSEM
18e86b6f8bea7326934109aa9ffa705ebf4bde90,22,18,12,52,4,VFC,noise-java,TOSEM
0d93e22b4180cd1fa889d543c548b8b0264f8cdf,271,2,4,277,2,VIC,noise-java,TOSEM
942e09b71eef5bd9fdb1c8711125c4bc1193bcdc,182,9,6,197,4,VFC,hbase,TOSEM
948d0cdec4fb35d70404b9b6e27743616400656d,7585,0,0,7585,26,VIC,hbase,TOSEM
7576274874deeccb6da6b09a8d5bd62e8b5538b7,3,1,0,4,1,VFC,spring-framework,TOSEM
ed3823b045fd19cdb801609eb034c93dd4d75c3f,604,23,48,675,8,VIC,spring-framework,TOSEM
e19a20,12,23,3,38,3,VFC,tomcat,TOSEM
1ecba1,12,23,3,38,3,VFC,tomcat,TOSEM
ab72a1,12,23,3,38,3,VFC,tomcat,TOSEM
a84fabcbc6fee8a69253ad92a304b4718e96a7c9,253638,0,0,253638,828,VIC,tomcat,TOSEM
930a1c81f8ea4952df540f041befbfa2d6757838,34,5,0,39,2,VFC,itext7,TOSEM
050687b386acfc1c27d3826d0a9936a3f042b09e,1670,1,60,1731,11,VIC,itext7,TOSEM
a0bbf1e7da158ae191582f032343c6171e6a0b44,10,0,2,12,2,VFC,paho.mqtt.java,TOSEM
176f6fc0b83eefc4e196370e9d12775c99b711ea,38,0,0,38,3,VIC,paho.mqtt.java,TOSEM
42ec5f97f6af3f8c91822fcc0da1f19bc9b5b9b1,346,0,0,346,4,VIC,cryptacular,TOSEM
b597f7a865a527a84ee3d6937075cfbb4470ed20,140,8,13,161,3,VFC,armeria,TOSEM
8a003bf4984c233b33e0e8b686c68deb2164c0b3,18,5,24,47,12,VIC,armeria,TOSEM
58cdbbef9c77ab2b44870f9d606593b49cde76d9,30,0,3,33,6,VFC,tomee,TOSEM
86267a2346e3517482282a38e8bc7d167c039963,68,112,43,223,4,VIC,tomee,TOSEM
157febfdebfd63708233b492f3271ceb1bd1eafc,25,2,2,29,3,VFC,uaa,TOSEM
cd942abfb08004766db8b9f553774fc1c08b69d5,6,0,25,31,1,VIC,uaa,TOSEM
e5647554e6801a522c508a8eb457979a9af8c398,41,1,0,42,1,VFC,activemq-apollo,TOSEM
588c6b5e9e6beb8e5b35584051f942473648c66d,2186,64,61,2311,86,VIC,activemq-apollo,TOSEM
6a79d35d6654d895d0a4b73b3a9282ec9aaeeb06,0,0,1,1,1,VFC,commons-imaging,TOSEM
c659a6007b258f3e2afc57cf2b4c4c5eb03fce74,1689,33,35,1757,13,VIC,commons-imaging,TOSEM
49a3f0a11d41f7124b893a08dc9e67594c32e2e,16,4,8,28,5,VFC,lucene-solr,TOSEM
b52bf267c7aa528b282d09c637344650f903495,16,4,8,28,5,VFC,lucene-solr,TOSEM
49a3f0a11d41f7124b893a08dc9e67594c32e2ee,16,4,8,28,5,VIC,lucene-solr,TOSEM
74e26830d2849a84729b33497f729e0f033dc147,1,0,0,1,1,VFC,struts,TOSEM
bfbc4c04e007393986f374a02dfb7ded23bc9a05,93,88,2,183,2,VIC,struts,TOSEM
b2d4fec3617c497c5a8eb9c7e5270e0c7db293ee,3,0,0,3,1,VFC,spring-security,TOSEM
134686ef7185d3f96fec953136ab4847cd36b68,0,31,0,31,1,VFC,wicket,TOSEM
a8ce4435e3ffe9985116999f8dfae1b883548acf,0,138,2,140,5,VFC,che,TOSEM
a8ce4435e3ffe9985116999f8dfae1b883548acf,0,138,2,140,5,VIC,che,TOSEM
e62aa0252dfcf34dff0c3a9c51265b1d0f9dfc9f,150,68,9,227,5,VFC,nifi,TOSEM
528b82634f528468970eaa655c0085b1c9592b71,1055,2,3,1060,11,VIC,nifi,TOSEM
9730cd6a3bbb481ee4e400b51952b537589c469d,133,3,7,143,7,VFC,uaa,TOSEM
7c0eaea07e8b91c21f8c188545db1b4e653c6cd8,7,0,2,9,1,VIC,uaa,TOSEM
44e4fbf1d0f6db295df34601972741d4cf706cbd,58,29,48,135,1,VFC,androidsvg,TOSEM
1c9dcb152130b0b8de59f9df4256fa349c695f25,274,41,261,576,4,VIC,androidsvg,TOSEM
2d399aa6062fccd6af496bd776314d1944f7090,25,0,1,26,2,VFC,camel,TOSEM
53185f0b221b899aacb3c379647a866a8f408a8,0,1,0,1,1,VFC,camel,TOSEM
5e1d70c6957703cdebbfe5d796462e5a89c8bc2,25,0,1,26,2,VFC,camel,TOSEM
f337a98e86ef18611b14570e6780053fe3ddcc0,0,1,0,1,1,VFC,camel,TOSEM
68f2de31b7752bd49b7898d7098b3bfe8e0d0bd,0,1,0,1,1,VFC,camel,TOSEM
a8a2b8c0a37e348981a4cf41fd2b329b6079f40,25,0,1,26,2,VFC,camel,TOSEM
05ff65d5cebf1fa5172c59dd16359ed583c099c,0,1,0,1,1,VFC,camel,TOSEM
5b64969d37cf2906efd4623cfd473041ce5132f,25,0,1,26,2,VFC,camel,TOSEM
15a1f10fb532bdcba184cda17be602a2358bd5e,0,1,0,1,1,VFC,camel,TOSEM
e030f6665db037a2f73f30b9125fb770f29a7bd,25,0,1,26,2,VFC,camel,TOSEM
f7db8aa81be1e0339a41de1ead9276174bcbe9a5,41,0,15,56,4,VIC,camel,TOSEM
b091934f9e98568b848d0584a1145c8e514cbd21,67,0,10,77,4,VFC,lucene-solr,TOSEM
7bf019a9c2779368133850f141174febede6ad96,1016,35,48,1099,17,VIC,lucene-solr,TOSEM
a519819c9a3a9beed3721b043711bb1eb5c07897,44,2,2,48,2,VFC,carbon-analytics-common,TOSEM
7f9e44c0ee709f80badb39bb32c1de386a05f837,39179,0,0,39179,354,VIC,carbon-analytics-common,TOSEM
a8018783373ff5e5210225069c9919e071597d5e,20,0,6,26,2,VFC,shiro,TOSEM
d2f053733eabf5c1587a9e5e9fb642d554fb5fed,2054,366,89,2509,19,VIC,shiro,TOSEM
c9cd1e521673ef0cccb8795b78d3cbaefb8a576a,55,1,2,58,2,VFC,Openfire,TOSEM
74da47c604b38afe5c8754d30bf1fc39a58b1bdc,79,17,8,104,1,VIC,Openfire,TOSEM
6d7d192e4799b51931e55217e02baec14d49607,5,0,0,5,1,VFC,hadoop,TOSEM
cedc28d4ab2a27ba47e15ab2711218d96ec88d2,12,1,2,15,1,VFC,hadoop,TOSEM
745f203e577bacb35b042206db94615141fa5e6,17,1,0,18,1,VFC,hadoop,TOSEM
e3236a9680709de7a95ffbc11b20e1bdc95a860,10,0,0,10,1,VFC,hadoop,TOSEM
11a425d11a329010d0ff8255ecbcd1eb51b642e,10,0,0,10,1,VFC,hadoop,TOSEM
fc4c20fc3469674cb584a4fb98bac7e3c2277c9,17,1,0,18,1,VFC,hadoop,TOSEM
12258c7cff8d32710fbd8b9088a930e3ce27432,12,1,2,15,1,VFC,hadoop,TOSEM
1373e3d8ad60e4da721a292912cb69243bfdf47,12,1,2,15,1,VFC,hadoop,TOSEM
6a4ae6f6eeed1392a4828a5721fa1499f65bdde,5,0,0,5,1,VFC,hadoop,TOSEM
45a1c680c276c4501402f7bc4cebcf85a6fbc7f,12,1,2,15,1,VFC,hadoop,TOSEM
eaa2b8035b584dfcf7c79a33484eb2dffd3fdb1,5,0,0,5,1,VFC,hadoop,TOSEM
65e55097da2bb3f2fbdf9ba1946da25fe58bec9,5,0,0,5,1,VFC,hadoop,TOSEM
bd98d4e77cf9f7b2f4b1afb4d5e5bad0f6b2fde,12,1,1,14,1,VFC,hadoop,TOSEM
5128a9a453d64bfe1ed978cf9ffed27985eeef36,64842,0,0,64842,331,VIC,hadoop,TOSEM
edba32b3093703d5e9ed42b5b8ec23ecc1998398,149,5,13,167,8,VFC,spring-framework,TOSEM
03582973d74b30eba4b00be50189258b2d843bad,5447,0,0,5447,55,VIC,spring-framework,TOSEM
5dcc19215827db29c993d0305ee2b0d8dd05939d,134,0,6,140,5,VFC,logging-log4j2,TOSEM
ee87a184c7ccbfe03234782ebd6cc76c954a4a3c,233,82,30,345,4,VIC,logging-log4j2,TOSEM
5bc4e6,38,1,0,39,1,VFC,tomcat,TOSEM
7f0221,38,1,0,39,1,VFC,tomcat,TOSEM
d43c68c0126306021a12afbfe7876a36612fbbc3,12,29,18,59,1,VFC,wicket,TOSEM
9f8f2f2f5f7df873061679c80edd151c94afdd38,329,45,51,425,1,VIC,wicket,TOSEM
20e26226107f3133c87d0f5c845e02f824823f69,364,3,22,389,6,VFC,camel,TOSEM
6b979d07fd4be6ac913368f2abeae690d3325d37,2,0,2,4,1,VFC,camel,TOSEM
dcb5a74a3987d2264ad195c7844bbb6c81216610,26,0,0,26,1,VFC,camel,TOSEM
53600cfaf16966ed01b4e888993e7700106ed97b,603,2,0,605,6,VIC,camel,TOSEM
784fabac7d1586a5614bd4bc8854fd62850dbe26,182,56,12,250,7,VFC,okhttp,TOSEM
62b42bf27589fd8128f6d1a202455c5731c890c2,25,22,2,49,2,VIC,okhttp,TOSEM
9434a44d3449d620b1be70206819f8275b4a750,26,3,6,35,2,VFC,tomcat,TOSEM
9a0231683a77e2957cea0fdee88b193b30b0c97,26,3,6,35,2,VFC,tomcat,TOSEM
c8acd2ab7371e39aeca7c306f3b5380f00afe55,26,3,6,35,2,VFC,tomcat,TOSEM
3c97e9bb92d2572631c4633c04ec00607a10638d,43,2,3,48,3,VIC,tomcat,TOSEM
3cfe34fefedcf0fdcfcb061c0aea34a715b7de6,5,28,3,36,1,VFC,struts,TOSEM
630e1ba065a8215c4e9ac03bfb09be9d655c2b6e,5,28,3,36,1,VFC,struts,TOSEM
b4265d369dc29d57a9f2846a85b26598e83f3892,26,16,54,96,3,VFC,struts,TOSEM
0c543aef318341ca9bd482e15f1637497b8a4dfd,45523,0,0,45523,294,VIC,struts,TOSEM
9e2c0e409899cc7eae9b01db85f4e355062e88c1,6,0,1,7,1,VIC,undertow,TOSEM
928dbc232f851bf06a40032a2fd297c5d7d8352c,121521,0,0,121521,883,VIC,milo,TOSEM
88d89d6523802c044cfcb7930cba40d8eeb21da2,1,1,0,2,1,VFC,jspwiki,TOSEM
5da3fd1da735f32b138a850d990a6f51190cef5f,83834,0,0,83834,364,VIC,jspwiki,TOSEM
6a0d7d56e4ffb420316ce7849fde881344fbf881,1,0,0,1,1,VFC,OpenRefine,TOSEM
78edff6f7f410bb53c03e67f7f90a6d3521cee7f,4309,2697,469,7475,62,VIC,OpenRefine,TOSEM
90c898335786211d253c0503453e2f8b93e0d3fe,32,591,12,635,6,VFC,cxf-fediz,TOSEM
f65c961ea31e3c1851daba8e7e49fc37bbf77b19,33,590,17,640,6,VFC,cxf-fediz,TOSEM
ec46e587ac2cff468a1c10664dbf2af12d9672b5,4626,0,0,4626,29,VIC,cxf-fediz,TOSEM
44a5ca0fbd357b8b5d81aa9313fb01cca30d8ad,17,1,2,20,2,VFC,syncope,TOSEM
735579b6f987b407049ac1f1da08e675d957c3e,17,0,4,21,4,VFC,syncope,TOSEM
7b168c142b09c3b03e39f1449211e7ddf026a14,11,0,3,14,3,VFC,syncope,TOSEM
07aa458582c654e0683091b9da36e54c1ce7a0c4,155,113,303,571,73,VIC,syncope,TOSEM
4e67928412ad56333d400f3728ecdb59d07d9d63,33,0,5,38,1,VFC,tika,TOSEM
4b38d6228f4ba5ee912735dc692275499bbf45f6,240,18,20,278,4,VIC,tika,TOSEM
1f9f44ceb818b46518176e81c6dea5a0d12750c,22,4,5,31,1,VFC,kylin,TOSEM
e373c64c96a54a7abfe4bccb82e8feb60db0474,43,22,8,73,1,VFC,kylin,TOSEM
8cfe32cf4f61d218439e57e134ccc3413aa98f89,62,65,16,143,2,VIC,kylin,TOSEM
bc7d01048579430b4b2df668178809b63d3f1929,9,9,11,29,6,VFC,spring-framework,TOSEM
d27b5d0ab6e8b91a77e272ad57ae83c7d81d810b,99,55,39,193,11,VIC,spring-framework,TOSEM
6b710a42e00acca405e085724c89cda016cf7442,106,13,12,131,9,VFC,hadoop,TOSEM
9ca394d54dd24e67867c845a58150f6b51761512,527,1,12,540,10,VIC,hadoop,TOSEM
a41ce6892cb0590b2e658704434ac0dbcb6834c8,2,1,0,3,1,VFC,commons-compress,TOSEM
29f975ea99d9b9310c6fc33ac4f844fb10f4d98a,13,58,24,95,1,VIC,commons-compress,TOSEM
957c56dbe5b1490490c09ddfbca9a4204c7c9d00,43,0,0,43,1,VFC,hadoop,TOSEM
a196766ea07775f18ded69bd9e8d239f8cfd3ccc,264565,0,0,264565,1628,VIC,hadoop,TOSEM
1f464b9412e1b1c08d40c8ffac40edd52731da48,41,2,0,43,7,VFC,activemq,TOSEM
508128e3e64aeb0c09339172aabb8dbd3434980c,20,1,7,28,2,VIC,activemq,TOSEM
cdcf49c0a2b36ffc7a004d54405bb4357870c4b2,3,2,0,5,1,VFC,tapestry-5,TOSEM
95846b173d83c2eb42db75dae3e7d5e13a633946,250,3,18,271,7,VIC,tapestry-5,TOSEM
eccc31ebce5430f9e91b9684c63eaaf885e603f9,0,0,1,1,1,VFC,struts,TOSEM
a0fdca138feec2c2e94eb75ca1f8b76678b4d152,0,0,1,1,1,VFC,struts,TOSEM
31be88afa28fb9b1e9854d0d7673ab9b979cf9be,46,0,0,46,1,VIC,struts,TOSEM
acaac81f96fec91ab45bd0412beaf9c3acd8defa,9,0,1,10,1,VFC,bc-java,TOSEM
416d12366597ba69358b76e0d17bbb9b3bdfcd5d,6,8,14,28,1,VIC,bc-java,TOSEM
2b8200f7d701ea6ff9638f629f0bd81d2e48410c,192,4,50,246,6,VFC,poi,TOSEM
8f0093e4648f0e9598d26847984eee060535f951,39,2,8,49,2,VIC,poi,TOSEM
40bf278e66786544411c471de5123e7a71826b9f,189,5,10,204,7,VFC,cas,TOSEM
5cba088905f1ee6f4a2f6616dd064330405aa82d,3,0,2,5,1,VIC,cas,TOSEM
9b16fef6e9a1c8f4352cb979df8ef4a9336d655,120,5,24,149,10,VFC,spring-data-jpa,TOSEM
ee39e8863bb43b63e34fe9ac6ec9b864cd8afca,12,1,3,16,1,VFC,spring-data-jpa,TOSEM
16661f7e7e28f8ea8585a0402bd91eb6721ce55,90,19,8,117,10,VFC,spring-data-jpa,TOSEM
417202db8e1714bdca1bd57879634866934c6f5,30,12,8,50,3,VFC,spring-data-jpa,TOSEM
271a2814157c5de78345effdbe2a21c740880cd,30,11,6,47,4,VFC,spring-data-jpa,TOSEM
89b18d573394c84012c58c892e9a3844fb8c7b4,12,3,1,16,1,VFC,spring-data-jpa,TOSEM
8a5743c74b7ab1daf7cb428fee0d9b3f03fb914,129,1,52,182,9,VFC,spring-data-jpa,TOSEM
c47a5d09a1123ca8e77f832f8335e227b820b3f,95,16,7,118,9,VFC,spring-data-jpa,TOSEM
4d4e6d418fe3bca14c7cff1c7161e3794026f96,123,2,32,157,10,VFC,spring-data-jpa,TOSEM
899b8b0db3d40603488ad50f116ab9e68021ba3,95,19,7,121,10,VFC,spring-data-jpa,TOSEM
b6060be66b6cbf447c0c62e5b80caa565e10f38,12,1,3,16,1,VFC,spring-data-jpa,TOSEM
ee03f9b4a5facaee1b9d25313862e1d043f5a5d,44,23,16,83,6,VFC,spring-data-jpa,TOSEM
c47a5d09a1123ca8e77f832f8335e227b820b3fc,95,16,7,118,9,VIC,spring-data-jpa,TOSEM
efb860b3ff8ebcf606199b8d0d432f76898040da,4,0,0,4,1,VFC,tomcat,TOSEM
816552abf6735fa37dfd37c8a7bfbdbd045477e0,42,14,5,61,3,VIC,tomcat,TOSEM
3e4c4bed2d08e81ca5961ab5fcadab23470db1c,9,0,4,13,1,VFC,karaf,TOSEM
2ccfba48bdfac6c2cd09c8f058641da0011e4c7,9,0,4,13,1,VFC,karaf,TOSEM
cecc58e7495aad84069401d9703badb99937becf,180,19,35,234,3,VIC,karaf,TOSEM
12d715676038efbf9c728af10163f8277fc019d,7,0,0,7,1,VFC,tomcat,TOSEM
1c1c77b0efb667cea80b532440b44cea1dc427c,7,0,0,7,1,VFC,tomcat,TOSEM
40fa74c74822711ab878079d0a69f7357926723,7,0,0,7,1,VFC,tomcat,TOSEM
fc6f2ead8463d06ae73954508927e4f2224c8e77,29,24,16,69,3,VIC,tomcat,TOSEM
02b0439639a9dab264cdb3ed4081c231e0079c13,305,39,2,346,5,VFC,ignite,TOSEM
1e0a7c21ea77ae2684a2d0b5d809b4241567bd2b,552,0,0,552,6,VIC,ignite,TOSEM
dac97f1b7dac3e70ff603fb6fc9f205b95dd6b01,12,0,2,14,1,VFC,spring-framework,TOSEM
f2694a8ed93f1f63f87ce45d0bb638478b426acd,13,1,2,16,1,VFC,spring-framework,TOSEM
a99fe3eda4af496cd6e2b90b7f9988a76fe6695e,20,23,16,59,3,VIC,spring-framework,TOSEM
426be73b9e7500fa3d441231fa4e473de34743f6,55,0,2,57,1,VFC,tika,TOSEM
5f05b511d7d1184f6f25a2b644b615c4f21b8e68,450,74,122,646,18,VIC,tika,TOSEM
cd31cc397fe17389d95b83d6a9caa46eebc54faf,44,10,15,69,5,VFC,uaa,TOSEM
327fbdc2c2f8595b1fbc09f5925c907b42f2d45a,4983,2,5,4990,66,VIC,uaa,TOSEM
75411ab34a3d53c43c2d508b12314a9788aa417,1710,289,67,2066,26,VFC,zookeeper,TOSEM
6d9fc04c052adbc79bbbb1c63f3f00c816fb8e5,152,8,5,165,4,VFC,zookeeper,TOSEM
b0fbdba0c2a0334704f4c8969f2d0deb5d73cf95,38,38,541,617,13,VIC,zookeeper,TOSEM
025b48f3193e2b10b1c41d2bc3bcfc9cfc238a27,3,0,1,4,1,VFC,qpid-broker-j,TOSEM
e91f279199ac5419d71ba7b15070c585f4962eb3,9388,55556,892,65836,529,VIC,qpid-broker-j,TOSEM
2235894210c75f624a3d0cd60bfb0434a20a18bf,100,46,3,149,2,VFC,jackson-databind,TOSEM
6ce32ffd18facac6abdbbf559c817b47fcb622c1,23,0,0,23,1,VIC,jackson-databind,TOSEM
ed4b9d791f9470e4c3de691dd0153a9ce431701b,3,0,3,6,2,VFC,tomcat,TOSEM
8460d7712dcbb72e3d4f2f8ebb9a26fc4e9ddcf9,30,2,0,32,5,VIC,tomcat,TOSEM
dbf259508c2b8e176d8cb837177aaadbf44f0670,35,34,1,70,1,VFC,nifi,TOSEM
ac8e57259f8e4d8183d938f46a28f3c73b595940,33,0,0,33,1,VIC,nifi,TOSEM
4c6584306b40de9b2dfa9065c3a438cd918534af,1,0,2,3,1,VFC,swagger-parser,TOSEM
4044ecfb80732b721ffa206388574cf08bf7d295,25,9,11,45,3,VIC,swagger-parser,TOSEM
666e356ebc479194ba51e43bb99fc42f849b6175,47,8,16,71,1,VFC,spring-security,TOSEM
7d97adc68789f4a191cee15de482530dd9d5c31d,319,11,38,368,6,VIC,spring-security,TOSEM
97b565469058cacac6d2559b2cff37effcca2cfd,25,1,0,26,1,VFC,keycloak,TOSEM
80e2b8eb39af640eaf6cec8b9dcdd0eef7c48aa7,518,8,35,561,17,VIC,keycloak,TOSEM
a48698caa32933458916980ab05256f56099a337,122,1,9,132,5,VFC,keycloak,TOSEM
0a4fd79b225df03d769a267c9b464893a36753c6,67,0,0,67,4,VIC,keycloak,TOSEM
b8e7fecccc7dc8edcabb4704656a7abe6352c08f,264,0,3,267,2,VFC,spring-data-jpa,TOSEM
a9cfe73511342c7f7d95a591bbf5ca1e7a8c1e86,60,2,4,66,1,VIC,spring-data-jpa,TOSEM
a97766d62f067845869c44b39604851c7ca91d02,10,0,0,10,1,VFC,nifi,TOSEM
4d998c12c95a6e5ce3d66c0d861e75e33b5cf013,193114,0,0,193114,1271,VIC,nifi,TOSEM
3e28ac1e463c78f4b181144d5ca41f578a2d3b8f,254,18,19,291,8,VIC,keycloak,TOSEM
a36035b49ba7d6514d6c386b51e1ad2512371b3d,18,0,3,21,1,VFC,archiva,TOSEM
1bb10ee01e2f32135eeaf12a6639cacd75563e04,468,1,0,469,6,VIC,archiva,TOSEM
1c5f53076b625c44111c1e9430dc36327a08858,21,0,0,21,2,VFC,elasticsearch,TOSEM
6f59ef267b2c3567754f8bea87daafc34cd9bd5,20,0,0,20,2,VFC,elasticsearch,TOSEM
7f21ade92407c5c65d2bd83a42e752838acdde5,21,0,0,21,2,VFC,elasticsearch,TOSEM
fe36861ada3e75259ff601a9f6b0e1cd5fbb8afe,4858,361,139,5358,71,VIC,elasticsearch,TOSEM
6bd694b7980494c12d49ca1bf39f12aec3e03e2f,0,5,1,6,1,VFC,struts,TOSEM
cfe77b1f8230ef18dfb2063806ebbfbc2d7d45bb,0,0,0,0,456,VIC,struts,TOSEM
f8ed98e684c1a67a77ae8726db05a04a4978a445,12,1,3,16,1,VFC,cxf,TOSEM
88a9451b92180609b7bb93d0314bc8384f0c24a4,230466,0,0,230466,1667,VIC,cxf,TOSEM
1db7e02de3eb0c011ee6681f5a12eb9d166fea8,78,5,9,92,3,VFC,spring-framework,TOSEM
d3acf45ea4db51fa5c4cbd0bc0e7b6d9ef805e6,78,5,9,92,3,VFC,spring-framework,TOSEM
2eeb2e92359381328789585233e54c9bbd41e6dc,2824,24,66,2914,45,VIC,spring-framework,TOSEM
97d871a7553a01384b43df855dccdda5205ae77,1521,1105,70,2696,27,VFC,netty,TOSEM
2caa38a2795fe1f1ae6ceda4d69e826ed7c55e5,0,0,23,23,7,VFC,netty,TOSEM
31815598a2af37f0b71ea94eada70d6659c2375,0,0,23,23,7,VFC,netty,TOSEM
0c55c85d06ccd2f0bd38a5376417b5c6b8c09aef,372,280,15,667,9,VIC,netty,TOSEM
2a2f1dc48e22a34ddb72321a4db211da91aa933b,0,0,1,1,1,VFC,commons-compress,TOSEM
a433f625f89c1d464b05186411ff20802e292fb4,1357,0,0,1357,6,VIC,commons-compress,TOSEM
2412c90ba5584fed123fa6a33e752e6c8eaf74e9,11,0,0,11,1,VFC,commons-beanutils,TOSEM
4e410e068b8d367c53766a7da712b1b6f3fd8101,64,0,0,64,1,VFC,commons-beanutils,TOSEM
62e82ad92cf4818709d6044aaf257b73d42659a4,1,0,0,1,1,VFC,commons-beanutils,TOSEM
25ac3249dc2a40bd52ceccc9251c8446b036d197,22,1,0,23,2,VIC,commons-beanutils,TOSEM
885ab3459e146ff830d1f7257f809f4a3dd4493a,3,3,3,9,1,VFC,struts,TOSEM
5a29daedeb5ac7e9e2af87ce1a7bbfad230d5c8,1709,298,75,2082,24,VFC,zookeeper,TOSEM
8a06bd1ccef382461c7b0a63f2012f4aeac9075,1714,305,85,2104,24,VFC,zookeeper,TOSEM
0957b8404e1ecfc5703d7c2827752773b7dc23be,605,413,112,1130,12,VIC,zookeeper,TOSEM
d87d1e4f8e20f6494c0232bf8560c961b46db634,71,1,4,76,1,VFC,dropwizard,TOSEM
98fa28a60b235d9c600fac578227086fc86b42df,347,0,0,347,6,VIC,dropwizard,TOSEM
060ecc,84,0,33,117,3,VFC,tomcat,TOSEM
959f1d,84,0,33,117,3,VFC,tomcat,TOSEM
b191a0,84,0,33,117,3,VFC,tomcat,TOSEM
b3a8e01654549b0b79fc7c7684cd492cd5aafe4b,5,11,3,19,1,VIC,tomcat,TOSEM
6d7d2927ddcd8c7ddd902fa1196b1e780c0d70ea,207,0,4,211,1,VFC,spring-batch,TOSEM
22109eea84e4ea5ab773f58baad2b366b1858591,68,0,0,68,1,VIC,spring-batch,TOSEM
54b65c1d30848835f26bd138c0ba407bc1e560d,4,8,3,15,2,VFC,camel,TOSEM
2ec54fa0c13ae65bdcccff764af081a79fcc05f,4,8,3,15,2,VFC,camel,TOSEM
341d4e6cca71c53c90962d1c3d45fc9e05cc50c6,4,8,3,15,2,VFC,camel,TOSEM
4abc7be95f5a39c4ab0781da53e89b13fe863990,48,1,4,53,2,VIC,camel,TOSEM
2b31723708256c08c5209308eb6ccfb03e2ab990,0,0,1,1,1,VFC,cordova-plugin-file-transfer,TOSEM
8fcdb1aa3deb892691b44bdf57e8d780da09e2a4,1,0,0,1,1,VFC,cordova-plugin-file-transfer,TOSEM
ad6647120db12f0e67ee4a952a71ea494a39a475,20,0,1,21,1,VFC,cordova-plugin-file-transfer,TOSEM
35e89b3aeccc9377d85ea382091ea50a0915949f,1096,0,0,1096,3,VIC,cordova-plugin-file-transfer,TOSEM
796716d44183bd315dd20184a66b39ae533eb747,8,12,8,28,2,VFC,archiva,TOSEM
a36035b49ba7d6514d6c386b51e1ad2512371b3d,18,0,3,21,1,VIC,archiva,TOSEM
1c6815ac1b26fb2f079adbe283c43a7fd0885f3,75,169,21,265,4,VFC,spring-security-oauth,TOSEM
6b1791179c1092553aa0690da22dac4dff2fc58,75,169,21,265,4,VFC,spring-security-oauth,TOSEM
8e9792c1963f1aeea81ca618785eb8d71d1cd1d,75,169,21,265,4,VFC,spring-security-oauth,TOSEM
adb1e6d19c681f394c9513799b81b527b0cb007,75,169,21,265,4,VFC,spring-security-oauth,TOSEM
787c9b47d801b0cf08d35bca4805986c43f56836,229,108,23,360,7,VIC,spring-security-oauth,TOSEM
38a882331035ffed205d15a5c92b471fd09659c,1180,1660,170,3010,33,VFC,JGroups,TOSEM
fba182c14075789e1d2c976d50d9018c671ad0b,1099,21,48,1168,11,VFC,JGroups,TOSEM
b67a6e80598b9ec728997e12bbc13d56bb23ba1c,47,27,15,89,2,VIC,JGroups,TOSEM
25c6704bea149ee93c294ae5b6e0aecd182fea88,0,0,1,1,1,VFC,xstream,TOSEM
7c77ac0397a1f93c69d2776a13c31957f55d1647,18,4,5,27,1,VFC,xstream,TOSEM
87172cfc1dd7f8f6e137963c778b03efd14ac446,24,0,8,32,2,VFC,xstream,TOSEM
c9b121a88664988ccbabd83fa27bfc2a5e0bd139,10,2,8,20,4,VFC,xstream,TOSEM
5b5cd6d8137f645c5d57b648afb1a305967aa7f,18,4,5,27,1,VFC,xstream,TOSEM
696ec886a23dae880cf12e34e1fe09c5df8fe94,24,0,17,41,3,VFC,xstream,TOSEM
806949e1b3c22a3b31819a37402489a0303221a,5,0,1,6,1,VFC,xstream,TOSEM
e4f1457e681e015be83c6b0b84947676980e29d,10,2,9,21,4,VFC,xstream,TOSEM
4fd39f2f2616d4ea9e1d25d30dc78931be01dfb0,469,47,11,527,11,VIC,xstream,TOSEM
98891b1d9e022b467a3e4674aca4d1889849b1d,2,1,2,5,1,VFC,vertx-web,TOSEM
f42b193b15a29b772fc576b2d0f2497e7474a7e,2,1,2,5,1,VFC,vertx-web,TOSEM
341ecefb8db8d99918c8a69fe57436f72bac509a,14,0,1,15,2,VIC,vertx-web,TOSEM
46de5d01ae2741ffe04c36270fc62c6d490f65c9,3,0,0,3,1,VFC,neo4j,TOSEM
26ff65ccf13111c42942d8652e9e616e91e1fd08,48,2,19,69,2,VIC,neo4j,TOSEM
