commit_id,lines_added,lines_removed,lines_modified,lines_changed,files_changed,commit_role,project,dataset_source,cve_id
dee95f4fb45cf98b2d15d43fc90391c6ca3b7f3a,7,6,4,17,1,VIC,tcpdump,ICVul,CVE-2017-13033
d2dbd0ef1bf0594984a715eeeb72598ca14a82d8,0,13,1,14,1,VIC,tensorflow,ICVul,CVE-2021-37683
cf01fb9985e8deb25ccf0ea54d916b8871ae0e62,2,6,6,14,1,VFC,linux,ICVul,CVE-2017-7616
bb91bf83f9fc60cbd6cb30e6b2a7858efe1aa4c5,47,6,14,67,4,VIC,php-src,ICVul,CVE-2017-5340
466d84d2896336390e8dc1efeaaf5e385697b386,37,1,5,43,3,VIC,tensorflow,ICVul,CVE-2023-25669
e79d9bc7ea76e08fc24d7adaad8b6a821d1624c3,4,10,2,16,1,VIC,linux,ICVul,CVE-2012-3552
54cdc146bbe50018526770be201b56643ad58ba7,2,0,0,2,1,VIC,ImageMagick,ICVul,CVE-2023-3745
15c45f7b2e81655f6eb500ec949c8bd70a04325a,104,12,24,140,6,VIC,linux,ICVul,CVE-2013-0310
00e8f205475332d7842d0f0d1481eeab4e83017c,11,1,2,14,2,VFC,radare2,ICVul,CVE-2017-9761
3c08fdae712e79cc7a678a2969c2ac15c5ff8865,2,8,10,20,5,VIC,redis,ICVul,CVE-2021-32627
3a37efd7ece979e9c63dc8f2f2d3816bab8b1156,260,58,236,554,69,VIC,ImageMagick,ICVul,CVE-2016-7532
d8433c72558ce7772da4e18a9bc9b4cc016b4eb7,677,84,411,1172,6,VIC,suricata,ICVul,CVE-2019-18625
1e2bd517c108816220f262d7954b697af03b5f9c,21,2,6,29,2,VIC,linux,ICVul,CVE-2013-4563
6921ed9049bc7457f66c1596c5b78aec0dae4a9d,12,1,6,19,1,VFC,linux,ICVul,CVE-2023-1998
cae13fe4cc3f24820ffb990c09110626837e85d4,5,0,0,5,1,VFC,linux,ICVul,CVE-2011-2182
1c109fabbd51863475cd12ac206bdd249aee35af,4,0,1,5,1,VFC,linux,ICVul,CVE-2016-9178
3e29c1095a091f606a26c04a6542061c9e5f1d6b,23,0,0,23,1,VIC,linux,ICVul,CVE-2013-2546
00eba012d53e63f620455f7013917e4bf59424f2,4,1,5,10,1,VIC,linux,ICVul,CVE-2016-9588
1ee7b53a1c68ccb4fa7122204b17c03721cc7e79,2,0,0,2,1,VIC,squid,ICVul,CVE-2023-46728
227e7db4b0d3d9ff8325b1f0f3a2ee1f91c8eb0c,99,13,37,149,8,VIC,tensorflow,ICVul,CVE-2021-29531
0b314a0fc81559198724a94a56740b6923a499c8,20,0,1,21,1,VIC,tcpdump,ICVul,CVE-2017-13030
d5f5bcd425b771c0b7ff5a650b2ce061ac8bbb87,7,13,3,23,1,VIC,linux,ICVul,CVE-2017-18360
15576b6a58a24ed2705d6228d0fde8cfcef26cae,1,27,181,209,9,VIC,squid,ICVul,CVE-2023-46728
b7550787fe8b5beffb5f56fa11a87712d699d085,0,0,1,1,1,VIC,linux,ICVul,CVE-2016-6136
b556f8ad58c6e9f8f485c8cef7546e3fc82c382a,8,3,21,32,5,VIC,linux,ICVul,CVE-2016-6136
19651f3db63fa1511ed83a348c4c82fa553f8d01,19,6,40,65,2,VFC,ImageMagick,ICVul,CVE-2019-13308
c283962960d724d8bf52eaa2089781dea80c4d9d,53,32,172,257,43,VIC,tensorflow,ICVul,CVE-2020-15211
a1616a5ac99ede5d605047a9012481ce7ff18b16,1,0,0,1,1,VFC,linux,ICVul,CVE-2019-11884
40adbe4dd15b582b0210dfbf40c243a62f5119fa,5,0,4,9,1,VFC,tensorflow,ICVul,CVE-2022-35982
d049f74f2dbe71354d43d393ac3a188947811348,11,3,2,16,5,VFC,linux,ICVul,CVE-2013-2929
f6359593f9c877fcf81cbe0a1842ede8a77e4dbd,33,0,42,75,1,VIC,tensorflow,ICVul,CVE-2021-41226
06f748c4754de4fe2fc8d517acf29cb46a0b2d60,37,14,36,87,1,VIC,linux,ICVul,CVE-2022-33981
8b667b7d4bf1b845ce2ccffad9221490afa583ce,1148,0,0,1148,5,VIC,tensorflow,ICVul,CVE-2021-29578
876d9484edf77d228adb42aecd4debd58d7739d6,6,2,4,12,1,VIC,linux,ICVul,CVE-2017-1000251
87129cc0e3fcd89a1db3e99d62dc710e05749f77,4,1,31,36,3,VIC,linux,ICVul,CVE-2015-4177
d114b9fe78c8d6fc6e70808c2092aa307c36dc8e,5,0,4,9,1,VFC,linux,ICVul,CVE-2015-4002
83ed75feba32e46f736fcce0d96a0445f29b96c2,24,21,53,98,1,VFC,krb5,ICVul,CVE-2015-8631
b69f2292063d2caf37ca9aec7d63ded203701bf3,5,3,6,14,4,VFC,linux,ICVul,CVE-2012-0879
31c1c0b46a7021802c3d1d18039fca30dba5a14e,2,0,5,7,1,VFC,FFmpeg,ICVul,CVE-2017-9608
db8dac20d5199307dcfcf4e01dac4bda5edf9e89,1095,1204,4,2303,14,VIC,linux,ICVul,CVE-2012-3552
858119e159384308a5dde67776691a2ebf70df0f,5,6,221,232,74,VIC,linux,ICVul,CVE-2015-1805
1fd4f2a5ed8f80cf6e23d2bdf78554f6a1ac7997,456,6,1,463,5,VIC,linux,ICVul,CVE-2013-1798
0cdfa9e6f0915e3d243e2393bfa8a22e12d553b0,11,1,5,17,1,VFC,linux,ICVul,CVE-2022-47518
2e07e8348ea454615e268222ae3fc240421be768,6,1,0,7,1,VFC,linux,ICVul,CVE-2023-51779
dff11411ccacacd167e7589f7a7840ef80712b60,178,255,75,508,23,VIC,radare2,ICVul,CVE-2017-9520
40efc6fa179f440a008333ea98f701bc35a1f97f,140,143,58,341,5,VIC,linux,ICVul,CVE-2012-3552
239139d2ae6a81ae9ba499ad78b56d9b2931538a,2,1,1,4,1,VFC,tensorflow,ICVul,CVE-2023-25663
7bc848045e9b87774bb34e55c0cc0b5927ac43eb,4,3,3,10,1,VIC,tensorflow,ICVul,CVE-2022-41884
f411fe7d75197852f0e5ee85027a06d58dd8df4c,0,0,1,1,1,VFC,squid,ICVul,CVE-2024-37894
ffde45acf3348f8353fb4064a1b21683ee6b5ddf,8,1,5,14,1,VFC,tcpdump,ICVul,CVE-2017-12994
16b3003ffc6393e250f069aa28a78dc5a2c064b2,14,0,33,47,1,VIC,php-src,ICVul,CVE-2017-12932
4661492e5a617199457c8074bad22f766a116cdc,9,17,16,42,1,VFC,FreeRDP,ICVul,CVE-2022-24883
cba1ad284dd8a1dc636df4eda32266e4124c9d58,4978,0,0,4978,17,VIC,krb5,ICVul,CVE-2015-8630
26e49cfc7e988a76bf1e55cef0d9e438e5489180,49,74,52,175,6,VIC,linux,ICVul,CVE-2015-5707
47a8643e71d8962bc83886608e55f43a06d8da95,10,7,16,33,2,VIC,php-src,ICVul,CVE-2014-3597
13796bf9edc9d2008cfaa3ebea89312ced0d44a9,197,0,0,197,2,VIC,linux,ICVul,CVE-2011-1023
cd731fcaf42e5f7078c9be643bfa0cee2ad53e8f,70,8,18,96,1,VFC,suricata,ICVul,CVE-2024-23839
3944f50995f947558c35fb16ae0288354756762c,21,1,2,24,3,VIC,linux,ICVul,CVE-2018-10021
64dd153c83743af81f20924c6343652d731eeecb,29,137,10,176,3,VFC,linux,ICVul,CVE-2011-4098
3b04c5442b4e62d82571258cad8dd30558baa57c,140,3,21,164,2,VIC,radare2,ICVul,CVE-2017-7946
c57c0b9f3a4f8684f3489dd9a9ec627ad8b599f5,8,0,1,9,1,VIC,tensorflow,ICVul,CVE-2022-21738
04a567494786d5bb50894fc8bb8fea0cf496bea8,0,12,10,22,1,VFC,ImageMagick,ICVul,CVE-2017-14174
ef14f0c1578dce4b688726eb2603e50b62d6665a,577,1083,19,1679,24,VIC,linux,ICVul,CVE-2012-0038
35c70103a528603afb538ffeafe40c7b8251b0fe,8,1,5,14,1,VIC,linux,ICVul,CVE-2019-18885
6416ccb7899960868f5016751fb81bf25213d24f,104,7,11,122,3,VIC,linux,ICVul,CVE-2014-8172
e1c94d9d25db6b0dd7a5028ffee31d1057855d73,4,7,2175,2186,229,VIC,ImageMagick,ICVul,CVE-2016-10066
190154cf6d4d0cd99d468756980c8c6e325718a1,5,7,310,322,54,VIC,squid,ICVul,CVE-2023-46728
2721a0148649e07ed74468f097a28899741eb58f,5,0,0,5,1,VFC,php-src,ICVul,CVE-2016-5114
7dec99d8c932d5cb76c518d384917b07edfa22e4,9,12,43,64,3,VIC,envoy,ICVul,CVE-2022-29227
68338b71a563b24e62617bb629059adc0c94b230,3,0,0,3,1,VFC,radare2,ICVul,CVE-2017-6415
698a691724c0a949295991e5df091ce16f899e02,4,0,2,6,1,VFC,php-src,ICVul,CVE-2016-7130
17f0f4a47df9aea9ee26c939f8057c35e0be1847,735,0,0,735,6,VIC,linux,ICVul,CVE-2013-7421
a0864754aa8911e1d9caffaf0d290fbc023dd86e,34,18,64,116,18,VIC,squid,ICVul,CVE-2023-46728
79b91130a2679ea5063d49c021d97346a09eb0a5,0,2,26,28,5,VIC,linux,ICVul,CVE-2015-3212
52a0d61f64123ab758d8b8cc8f8ca521733d2f32,24,15,2,41,1,VIC,linux,ICVul,CVE-2022-33981
8404663f81d212918ff85f493649a7991209fa04,23,1,12,36,2,VFC,linux,ICVul,CVE-2013-6282
55e26eb95a5345a5796babac98de6d6c42771df1,24,0,36,60,9,VIC,linux,ICVul,CVE-2015-8767
cb00ea3528eb3c09eae9871d6e7d038776e952e2,1237,1085,2564,4886,23,VIC,linux,ICVul,CVE-2012-3400
d0b3e5b9602ac551126ad0b3795719c1cee686a7,222,109,51,382,16,VIC,gpac,ICVul,CVE-2018-20763
f683dbdc6a19c4d10e3d8cc7364ff034af53da70,6,4,2,12,1,VIC,FFmpeg,ICVul,CVE-2018-15822
6e8a27a816390d1fbcc28903da4dd9bc348e19ca,2,35,17,54,1,VIC,linux,ICVul,CVE-2016-10741
4071d8e2f6c45c1955a811fee757ca2adbe462c1,6,0,0,6,1,VFC,tensorflow,ICVul,CVE-2021-29556
fb81ac5e6be4041e59df9362cd63880b21e2cafc,151,37,0,188,3,VIC,openssl,ICVul,CVE-2014-3570
6ec82562ffc6f297d0de36d65776cff8e5704867,2,4,3,9,2,VFC,linux,ICVul,CVE-2013-2017
144793e9dd9f2203e48608dbb6c96de7a0ef8da7,35,0,5,40,2,VIC,gpac,ICVul,CVE-2021-32439
cdb383749ef7b68a38891440af8cc23e0115306d,1,0,0,1,1,VFC,ImageMagick,ICVul,CVE-2019-13135
27af4245b6ce99e08c6a7c38825383bf51119cc9,18,11,10,39,2,VIC,linux,ICVul,CVE-2017-18344
cc2a4d2ba5371d25c58763e4db2dbc1f4691c0f7,2,2,2,6,1,VFC,ImageMagick,ICVul,CVE-2015-8959
88fc3897e3219e63ae6e2d180a6c87d033ef9f3b,4,3,3,10,1,VIC,linux,ICVul,CVE-2011-3209
a443755f1ca3e190e12e3a845ddecb3ee1782512,21,0,7,28,2,VIC,linux,ICVul,CVE-2019-18885
ced8def38409d2e3f76af4428a823678e46d24eb,27,97,314,438,130,VIC,squid,ICVul,CVE-2023-46728
a9cf55b2861057a213e610da2fec52125439a11d,78,4,6,88,2,VIC,linux,ICVul,CVE-2019-19922
12a765a5235f181c2f4992b615eb5f892c368e88,80,34,226,340,86,VIC,openssl,ICVul,CVE-2024-0727
90c9319d47e9f8bdeea2a60362528e2061109544,15,1,1,17,1,VIC,openssl,ICVul,CVE-2024-6119
728c1e2a05e4b5fc52fab3421dce772a806612a2,1,0,0,1,1,VFC,linux,ICVul,CVE-2019-19074
cd8a4267c09cd1ce5d53cb681d41886db046dc9c,433,0,0,433,3,VIC,radare2,ICVul,CVE-2022-0559
f48729acd5387a9b3aec6d8529a6cfde30ad94ea,4,1,9,14,7,VIC,radare2,ICVul,CVE-2022-0849
675b582fa7c53314ad11f3a438c9c7e2d8065377,13,18,1159,1190,53,VIC,radare2,ICVul,CVE-2022-0695
19dd9342e7bc55c877367b7474caf41e819e38c3,283,143,273,699,10,VIC,tensorflow,ICVul,CVE-2021-29524
2c992db0525c6bfcc8d10b6bce3008ae91ec2be1,5,2,6,13,1,VIC,ImageMagick,ICVul,CVE-2016-9559
6ac3c0b7abd35f37201ed2d6298ecef4ea1ae1dd,21,0,4,25,1,VFC,redis,ICVul,CVE-2021-32672
87c1e9d23bcda1a493313aef747b429bab46ddd7,11,2,1,14,1,VIC,tensorflow,ICVul,CVE-2021-29570
8d4a2ec1e0b41b0cf9a0c5cd4511da7f8e4f3de2,2,0,1,3,1,VFC,linux,ICVul,CVE-2016-7914
256825d4eb33dc301496710d15cf5a7ae924088b,3,0,0,3,1,VFC,ImageMagick,ICVul,CVE-2018-16641
ae07423bcd294e48e238644459bd99c297d1a8a2,27,5,28,60,1,VIC,php-src,ICVul,CVE-2016-5769
c48f14966cc41957d88c66dfe49a439e708ab7b8,43,39,53,135,2,VIC,linux,ICVul,CVE-2013-6367
cfb8fbf2299d0e028ac59afd5b8c94ebe53d0859,3,15,3,21,1,VIC,linux,ICVul,CVE-2011-1767
f83ef8c0b58dac17211a4c0b6df0e2b1bd6637b1,8,10,16,34,10,VIC,linux,ICVul,CVE-2013-4470
003707c7225dbd4bf879b6c204743554de0a08d6,79,21,15,115,3,VIC,linux,ICVul,CVE-2011-4324
e9c6a182649f4259db704ae15a91ac820e63b0ca,11,5,1,17,1,VFC,linux,ICVul,CVE-2013-4299
35f0fabb4c178253a964d7aabdbb15c6a398b69a,4,0,0,4,1,VFC,tensorflow,ICVul,CVE-2022-23593
528d6545c21e6abd37788b7324355e1b094f7daf,80,0,1,81,2,VIC,tensorflow,ICVul,CVE-2022-23587
aba8d056078e47350d85b06a9cabd5afcc4b72ea,0,7,0,7,1,VFC,linux,ICVul,CVE-2011-2905
d66e1d568275e6a2947de97dca7a102a211e01ce,3,0,4,7,2,VFC,tensorflow,ICVul,CVE-2022-41885
d23efc19478ac7fb517038922b920a6979cbd958,133,0,0,133,2,VIC,linux,ICVul,CVE-2022-27950
ad069af92392efee1418c48ff561fd3070a03d7b,15,0,3,18,1,VFC,tensorflow,ICVul,CVE-2022-36012
07730d87ac7872b54efa02da5d20b42fd6bb165a,268,268,0,536,5,VIC,linux,ICVul,CVE-2021-38203
ce47a396ff795bdb6cf48eb53dbcba46cb51fa7d,80,30,14,124,4,VIC,tensorflow,ICVul,CVE-2022-29210
5c43db85cee0c74ef13863d022214729d50a0f09,729,86,14,829,12,VIC,suricata,ICVul,CVE-2019-18792
df167c7db545953bb7f71c72e98e7a3ca0c793bf,4,0,0,4,1,VFC,radare2,ICVul,CVE-2018-20460
1b5235fd897f7ea5cffc715300f67b4dc852fa27,4512,318,321,5151,194,VIC,tensorflow,ICVul,CVE-2021-29562
bb6d480ba0bf0f6e4413f903416d77746857bfc8,40,37,2690,2767,271,VIC,hhvm,ICVul,CVE-2016-6873
7ea1530ab3fdfa85441061909cc8040e84776fd4,31,3,4,38,3,VIC,linux,ICVul,CVE-2012-5517
3a3ec26085461998074b827b112d38e8f3246a86,19,15,4,38,1,VIC,tcpdump,ICVul,CVE-2015-3138
3e10986d1d698140747fcfc2761ec9cb64c1d582,1,0,1,2,1,VFC,linux,ICVul,CVE-2012-6657
4c9483b2fb5d2548c3cc1fe03cdd4484ceeb5d1c,9,7,623,639,35,VIC,linux,ICVul,CVE-2013-4162
ea3d7209ca01da209cda6f0dea8be9cc4b7a933b,112,27,15,154,6,VFC,linux,ICVul,CVE-2015-8839
37920a74abd6fdf0696730ba80a07843a62c9c54,2,0,0,2,1,VIC,linux,ICVul,CVE-2017-8066
524688ce87a15fc75f87efc8c039ba4c7d5c197b,0,0,1,1,1,VFC,krb5,ICVul,CVE-2014-4344
384641468b60f40e9bf9b1f887abd5e3c3a9be1c,20,13,7,40,1,VIC,FFmpeg,ICVul,CVE-2013-4263
6df9d9b55d3f56ee7782639a7678eeeaf77f14ea,0,0,17,17,6,VIC,FFmpeg,ICVul,CVE-2017-14058
d9204be9f49520cdaaeb2541d1dc5187b23f31d9,10,1,0,11,1,VFC,tensorflow,ICVul,CVE-2021-37636
bcf0fb3b48edc9e642c4101e2ccf964a30cdb6f1,105,106,283,494,9,VIC,tcpdump,ICVul,CVE-2018-16452
6f8771238ad345afb2dff0a3e3aca0ce52c4a1a5,229,0,0,229,5,VIC,tensorflow,ICVul,CVE-2020-15211
a9e5a7bd800d5c599bf44c00687a8c16b0cea0b9,0,0,4,4,1,VIC,httpd,ICVul,CVE-2017-9798
2b82032c34ec40515d3c45c36cd1961f37977de8,776,159,170,1105,8,VIC,linux,ICVul,CVE-2019-18885
c3edaa79413bdf908abb56f088217c01f347ecff,59,0,2,61,2,VIC,redis,ICVul,CVE-2022-3647
604682551aa511e00e57706ad5d9fcf955ee0323,209,0,3,212,3,VIC,linux,ICVul,CVE-2013-7421
690ca62dd39fccb050c3fe3e61da531faf483da4,0,0,11,11,3,VIC,php-src,ICVul,CVE-2016-7129
68bf45fa1e77c7e2e3f3ab4a7894f9bc1a1da57b,16,19,40,75,5,VIC,redis,ICVul,CVE-2021-32627
f261257ab26802cf3cab7303a76db2fb729e1d01,167,0,0,167,1,VIC,tensorflow,ICVul,CVE-2023-25669
76429c148b939f5a6863c0a024eb8960ae91469a,1,0,5,6,1,VIC,linux,ICVul,CVE-2014-0069
28f5a8a7c033cbf3e32277f4cc9c6afd74f05300,7,2,0,9,1,VFC,linux,ICVul,CVE-2017-18204
fc33f3dc4c14051a83eec6535b608abe1d355fde,3,0,2,5,1,VFC,tensorflow,ICVul,CVE-2022-41891
fc27fe7e8deef2f37cba3f2be2d52b6ca5eb9d57,3,0,0,3,1,VFC,linux,ICVul,CVE-2017-16528
a322a839a56b8d9fa40751b1906ce2a4780a24d6,634,378,318,1330,22,VIC,ImageMagick,ICVul,CVE-2016-9559
06d1dc3fa96a2ba5a3e22735a033012aadc9f0d6,36,8,17,61,1,VFC,openssl,ICVul,CVE-2024-6119
7c9d2a458ee6cb925a0b3d23793d0e356a6eac12,991,0,1,992,10,VIC,tensorflow,ICVul,CVE-2023-25666
0215324a66af949be39b34be2d55143232c1cb71,15,0,0,15,2,VFC,redis,ICVul,CVE-2021-32762
e0e3cea46d31d23dc40df0a49a7a2c04fe8edfea,2,0,4,6,3,VFC,linux,ICVul,CVE-2012-3520
72a50e400d98d7a2fd610caedfeb9af043dc5582,0,0,3,3,1,VFC,ImageMagick,ICVul,CVE-2017-11447
a3cde44908429e52b2ec052ad5a70ef60e1f2d56,17,4,0,21,1,VIC,linux,ICVul,CVE-2021-38160
df91b29fd7da64498b9ad2b949267d272b2cf275,0,2,2,4,1,VIC,httpd,ICVul,CVE-2021-33193
f432c635c526259b858c9aad3d409c5c44545686,6,1,135,142,26,VIC,ImageMagick,ICVul,CVE-2016-7514
c4e06eb0a706483fbfccc56bef058d2f5d9a6eef,6,11,164,181,4,VIC,FreeRDP,ICVul,CVE-2020-13396
e8aa9b7ded286b8018eca04fde0e95829c75c714,2,60,5,67,1,VIC,tensorflow,ICVul,CVE-2020-26267
71199ee9077da7d92a8728e2a694fb1ab31488a7,57,14,19,90,1,VIC,FFmpeg,ICVul,CVE-2021-38114
1e8bbe6cd02fc300c88bd48244ce61ad9c7d1776,26,19,8,53,3,VIC,linux,ICVul,CVE-2016-3951
ac4b32df71bd932838043a4838b86d11e169707f,1165,157,185,1507,20,VIC,FFmpeg,ICVul,CVE-2017-9994
4846b3c5d0a850e860baf4f07340495d29837d09,4,0,0,4,1,VFC,tcpdump,ICVul,CVE-2018-16227
5dc1860d8267b1e0cb78c9ffa2a40bea2fdb3ddc,147,116,60,323,1,VFC,tcpdump,ICVul,CVE-2017-13030
1f1ea6c2d9d8c0be9ec56454b05315273b5de8ce,10,21,8,39,3,VIC,linux,ICVul,CVE-2013-4591
9bbc41c55433cbd7749ad50a2882fe07c2babf63,12,1,0,13,3,VIC,tensorflow,ICVul,CVE-2021-29590
bb95af848c939cfe5b5ee33c5b1770558077e64e,189,34,17,240,13,VFC,envoy,ICVul,CVE-2022-21656
7c288d6b81559d248741743d918715856f93862d,35,2,19,56,4,VIC,radare2,ICVul,CVE-2018-11377
22646e2e5109153caa820c55c18af753bb1843c4,17,9,4,30,2,VIC,ImageMagick,ICVul,CVE-2017-11448
2212808a72e6a9789836cfc4e9ed89f45291595e,19,14,90,123,4,VIC,FFmpeg,ICVul,CVE-2023-47470
273f2755ce8635d42da3cde0eeba15b2e7842774,21,3,0,24,1,VFC,FFmpeg,ICVul,CVE-2019-9721
60fcd57c93dd0bb8a1683338127480118c70d9bb,191,0,0,191,2,VIC,tensorflow,ICVul,CVE-2021-37637
e7f96c2d3774e4ea25f952bcdf55af1dd6e919f4,8,0,4,12,2,VFC,gpac,ICVul,CVE-2023-1655
a963a37d384d71ad43b3e9e79d68d42fbe0901f3,6,0,1,7,1,VFC,linux,ICVul,CVE-2013-2232
d7de67733925de196ec8863a33445b73f9562d1d,2,0,0,2,1,VIC,tensorflow,ICVul,CVE-2022-21734
075506f6c8d71393a792a69d104da6f38a47a5b2,8,1,47,56,25,VIC,FreeRDP,ICVul,CVE-2024-32660
62d782156caddec0b4ca795d7236c6483d02efff,5,0,0,5,1,VIC,suricata,ICVul,CVE-2024-32664
acb3f2600eb8cdd35643a8b9237719ce61c98d41,9,0,0,9,1,VIC,linux,ICVul,CVE-2020-28374
a14fdb9746262549bbbb96abb87338bacd147e1b,5,1,4,10,1,VFC,php-src,ICVul,CVE-2016-7131
c0205efc2ee2edfffb9fb687ba1dd27043b01ead,112,10,2,124,5,VIC,gpac,ICVul,CVE-2021-32136
6398683df312015ebc40066dfe4b9242cc933a60,273,0,0,273,1,VIC,hhvm,ICVul,CVE-2016-6875
3f627e580acfdaf0595ae3b115b8bec677f203ee,11,0,0,11,1,VFC,php-src,ICVul,CVE-2016-5771
c8b978188c9a0fd3d535c13debd19d522b726f1f,2201,268,110,2579,20,VIC,linux,ICVul,CVE-2015-8374
644595f89620ba8446cc555be336d24a34464950,4,6,4,14,1,VIC,linux,ICVul,CVE-2012-4467
0fbf3537195de5c8bc34ec4e301ea41ad183a5e0,36972,0,0,36972,98,VIC,src,ICVul,CVE-2023-52557
33e5a2f776e331dc8a4379b6efb660d38f182d96,214,73,57,344,4,VIC,linux,ICVul,CVE-2013-7027
446a9fc0fcd64482c4a205a1a5062eb0b41dd4b9,3944,0,3,3947,6,VIC,tensorflow,ICVul,CVE-2021-29602
cef31d9af908243421258f1df35a4a644604efbe,10,5,7,22,1,VFC,linux,ICVul,CVE-2017-18344
92625f9bff3853951cc75f5bc084ee67c1317d2f,29,47,3,79,4,VIC,linux,ICVul,CVE-2017-18232
def8b4faff5ca349beafbbfeb2c51f3602a6ef3a,29,5,4,38,11,VIC,linux,ICVul,CVE-2015-1465
87ca1b8f7faee37905fec1e165adab45f80d490f,6,1,1,8,1,VIC,FFmpeg,ICVul,CVE-2017-11665
2c541554076cc8a72e7145d4da30389ca763f32f,680,236,1482,2398,34,VIC,FFmpeg,ICVul,CVE-2015-3417
888e34b49009a4e734c27ab0c43b0b5102682c56,2,0,0,2,1,VFC,tensorflow,ICVul,CVE-2022-41893
f45fec7942c9d6d02cbd672ae8ad245f7ba967f3,98,94,50,242,1,VIC,ImageMagick,ICVul,CVE-2016-6520
18ef89dfa0493b29467a8f221b39de03dc54a070,20,6,58,84,3,VIC,radare2,ICVul,CVE-2023-0302
4681624eece54ab1ed5db3af458fcbde547d2ed6,3,26,1,30,2,VIC,tensorflow,ICVul,CVE-2022-29203
1df79cb3bae754e4a42240f9851ed82549a44f1a,2,0,0,2,1,VIC,linux,ICVul,CVE-2023-23000
6e25c7a7f91c3fd7836ad6ec544b8e19c8df5e5a,17,30,60,107,22,VIC,gpac,ICVul,CVE-2021-32134
aecd0ada163a4d6c769cec178955d5f3e9316f2f,10,1,1,12,3,VFC,ImageMagick,ICVul,CVE-2016-5688
c4e7f9022e506c6635a5037713c37118e23193e4,75,0,0,75,1,VFC,linux,ICVul,CVE-2011-4347
5af10dfd0afc559bb4b0f7e3e8227a1578333995,0,0,1,1,1,VFC,linux,ICVul,CVE-2017-15127
f3a77378b4c056e76691c5eba350a022c11e00d4,665,0,0,665,3,VIC,tensorflow,ICVul,CVE-2021-29533
cd3dbc194d6784624f21acbc622a75c92378ba5a,20,23,9,52,1,VIC,linux,ICVul,CVE-2011-1768
d4d208595c78d78196c926c55799bc81ae06f230,220,136,0,356,3,VIC,redis,ICVul,CVE-2022-3647
9f6ed2ca257fa8650b876377833e6f14e272848b,40,0,1,41,4,VIC,linux,ICVul,CVE-2017-2647
0e033e04c2678dbbe74a46b23fffb7bb918c288e,0,0,1,1,1,VFC,linux,ICVul,CVE-2013-4563
b750a647503afb7d073e449f5ca3642520871733,238,37,69,344,5,VIC,tensorflow,ICVul,CVE-2021-41205
eb9d8d8cd4ef3b1b6e1a14954c5b16438c27abf9,270,3,11,284,7,VIC,openssl,ICVul,CVE-2015-1792
da5ff2daf618591f64b2b62d9d9803951b945e9f,3,0,0,3,1,VFC,tensorflow,ICVul,CVE-2021-29554
66f7403245c923c192019ef0219f67b9928b39da,1083,740,289,2112,66,VIC,radare2,ICVul,CVE-2022-0695
17f11b056210f082a6d0e54ac5d68e6d72fa76b2,31,10,405,446,74,VIC,ImageMagick,ICVul,CVE-2016-7514
2ee663f39dc8dac3d9988e847db19b2d7e3ac8c6,3,1,10,14,1,VFC,FreeRDP,ICVul,CVE-2018-8789
54a20552e1eae07aa240fa370a0293e006b5faed,12,0,1,13,3,VFC,linux,ICVul,CVE-2015-5307
87f0df622813793b298605b5adefeca6cb1f8453,23,0,3,26,3,VIC,src,ICVul,CVE-2016-10012
e5ab06f90c2e978eb74a7d3447008dda188792a6,420,33,36,489,21,VIC,envoy,ICVul,CVE-2022-21656
afcd94a63b46ae0f3d5e249c2a696ffe3234916d,74,3,17,94,2,VIC,tensorflow,ICVul,CVE-2022-23560
1c1271850494f06b63ae6b485e2e1b9c27ffb2d1,0,0,1,1,1,VIC,linux,ICVul,CVE-2019-11599
dd83c161fbcc5d8be637ab159c0de015cbff5ba4,4,0,0,4,1,VFC,linux,ICVul,CVE-2018-10087
189ff16722ee36ced4d2a2469d4ab65a8fee4198,3,4,1,8,1,VFC,linux,ICVul,CVE-2023-51781
8d0207652cbe27d1f962050737848e5ad4671958,142,42,14,198,16,VFC,linux,ICVul,CVE-2014-7822
429f009d2b2c09028647dd4bb7b3f6f414bbaad7,18,0,1,19,1,VFC,tensorflow,ICVul,CVE-2021-37662
0c3d3f65531d4c9f8267118441fbd2bad9c85147,104,60,132,296,31,VIC,squid,ICVul,CVE-2023-46728
886ccd4520064408ce5876cfe00554ce52ecf4a7,1,0,3,4,1,VIC,linux,ICVul,CVE-2016-4482
c4baad50297d84bde1a7ad45e50c73adae4a2192,8,0,2,10,1,VFC,linux,ICVul,CVE-2017-8067
c84604c32f4e015665dc50d768f972e2d0ce7cd0,225,34,17,276,9,VIC,envoy,ICVul,CVE-2019-15226
5bde4d181793be84351bc21c256d8c71cfcd313a,46,0,0,46,1,VIC,linux,ICVul,CVE-2012-1097
af5fcebb37c8b5d71c237f4e59c6477015c78ce6,21,0,0,21,1,VFC,tensorflow,ICVul,CVE-2021-41221
f0be44f4fb1faee42635ca5ea06dc9c3e820a35d,287,0,0,287,2,VIC,linux,ICVul,CVE-2013-7421
81bfff2759854654bf07e452bf3b9b329f3c55e5,0,0,479,479,145,VIC,ImageMagick,ICVul,CVE-2019-13307
5def20397a7376df8e0c7fc338c2c30791deb907,24,10,48,82,4,VIC,ImageMagick,ICVul,CVE-2016-7528
896b61452c99b01cbcd7215d3732804431c93796,10,0,2,12,1,VIC,suricata,ICVul,CVE-2024-23836
2fefae47716d501aec41c1102f3fd4531f070b05,36,0,24,60,1,VFC,php-src,ICVul,CVE-2014-3597
3446c13b268af86391d06611327006b059b8bab1,26,6,4,36,2,VFC,linux,ICVul,CVE-2016-2143
4e7c22d447bb6d7e37bfe39ff658486ae78e8d77,1,0,5,6,2,VFC,linux,ICVul,CVE-2015-1593
b3d821c4ae9ba62b3a194d9dcb5e99f17bd56908,12,1,8,21,1,VFC,gpac,ICVul,CVE-2022-4202
61628a3f3a37af2bf25daf8e26fd6b76a78c4f76,123,30,29,182,2,VIC,linux,ICVul,CVE-2015-8324
31e499d310a48bd17c8b055a0bfe0fe35887a7cd,1,0,0,1,1,VFC,gpac,ICVul,CVE-2024-6062
facfd85ac80902906bd5aee09468edf7405617d3,14,2,2,18,3,VIC,gpac,ICVul,CVE-2024-6061
7c3f8f33abcca6587146298595534ca591d23510,501,145,303,949,67,VIC,FreeRDP,ICVul,CVE-2024-32660
929fb014e041c6572c5e8c3686f1e32742b5b953,422,0,0,422,5,VIC,linux,ICVul,CVE-2016-7097
9914a5a0556e045ddce22037558b5149e387c68a,43,6,7,56,4,VIC,gpac,ICVul,CVE-2023-0358
54c5dd89e3125c1f363fe8f95d2837a796967c6e,272,0,1,273,3,VIC,FFmpeg,ICVul,CVE-2013-7021
9a86e5fa6cbbd8d2bd32b0080c7d0cae1c6225aa,129,21,53,203,6,VIC,tensorflow,ICVul,CVE-2022-36016
bfb7915d4b2e11acb6a819e451c382dc645277db,4,0,1,5,1,VFC,ImageMagick,ICVul,CVE-2017-12667
7709e9bdee96a904ebf18378c803a9288e10bb30,3,0,5,8,1,VIC,linux,ICVul,CVE-2023-2007
95ee62083cb6453e056562d91f597552021e6ae7,6,22,7,35,1,VFC,linux,ICVul,CVE-2013-4350
19670ba07cefc8c96211e26cfe485f489bc5ea26,43,2,1,46,1,VIC,tcpdump,ICVul,CVE-2017-13003
c5f280153409d9bc6bbf1874977742b339bb9c51,3,0,0,3,1,VIC,tensorflow,ICVul,CVE-2022-35939
60976e42a143a6272e72724b35211be2698a9ab0,99,60,5,164,8,VIC,httpd,ICVul,CVE-2021-33193
621b5060e823301d0cba4cb52a7ee3491922d291,9,0,0,9,1,VFC,linux,ICVul,CVE-2014-2673
8890b13db0a3b69bc9f46509d04744c5e2686601,25,13,31,69,11,VIC,gpac,ICVul,CVE-2021-31260
ebc891a1d9621a19c509200d7bf3470ca18dde7f,58,67,109,234,10,VIC,ImageMagick,ICVul,CVE-2016-7520
592acbf16821288ecdc4192c47e3774a4c48bb64,13,0,2,15,1,VFC,linux,ICVul,CVE-2019-11833
b41f080d52a5ff2d9c235cffac1419b84028bd31,843,542,214,1599,1,VIC,ImageMagick,ICVul,CVE-2016-10058
55484c45dbeca2eec7642932ec3f60f8a2d4bdbf,68,39,41,148,6,VIC,linux,ICVul,CVE-2022-3424
8c35502217c1879cb8257c617007282eee3fe1cc,1,0,0,1,1,VFC,ImageMagick,ICVul,CVE-2017-17499
ce08a3691a8ac29125e29fc41967b3737fa3f425,3,0,1,4,1,VIC,ImageMagick,ICVul,CVE-2019-13311
25a3703ef2e015bbe1d1f16f6b2f63bb10dd34f4,0,0,1,1,1,VFC,radare2,ICVul,CVE-2018-11377
f71b6b46e891c15b2492ce3291078f91b3c882d4,88,78,2599,2765,204,VIC,FreeRDP,ICVul,CVE-2020-11097
acec27ff35af9caf34d76d16ee17ff3b292e7d83,85,0,11,96,4,VIC,linux,ICVul,CVE-2017-15116
0c83ed8eeb28a045cdbd0b216679938aa9e665fe,997,0,0,997,6,VIC,linux,ICVul,CVE-2017-18216
6252d702c5311ce916caf75ed82e5c8245171c92,241,31,17,289,13,VIC,linux,ICVul,CVE-2016-2143
ad389da79f7bf9dc12dbc79c9c2740f9ed2f13d1,15,1,17,33,2,VIC,linux,ICVul,CVE-2011-4324
b1e6577aed4f0335537e1216f1cdc4fa448564b2,479,59,112,650,18,VIC,gpac,ICVul,CVE-2018-13006
21eae25a8db5fdcd112dbcfcd9e5c37e32d32e2f,0,0,12,12,1,VFC,ImageMagick,ICVul,CVE-2014-9907
1e189fed7aba09e7b2198fd5460331ea9501d248,611,555,9,1175,6,VIC,FFmpeg,ICVul,CVE-2023-47470
09fb5b61c84d6609b43cdb5f364546faeac8f058,62,61,43,166,3,VIC,squid,ICVul,CVE-2023-46728
368af875869a204b4ac552b9ddda59f6a46a56ec,42,0,0,42,2,VFC,tensorflow,ICVul,CVE-2021-41203
be6eeb5afa2c130b46bf24bbc781d3ac88cce5ff,157,2,26,185,7,VIC,hhvm,ICVul,CVE-2020-1898
e1dc3efb20f02283b11a724d78d775c0d202f9d5,112,10,68,190,6,VIC,tensorflow,ICVul,CVE-2020-15211
dfeab0689f69c0b4bd3480ffd37a9cacc2f17d9c,14814,868,1625,17307,276,VIC,openssl,ICVul,CVE-2014-3570
e4a7b7b0c98efcdcc4c1f6eb10925dec1fbc4016,16,10,15,41,1,VIC,linux,ICVul,CVE-2011-4098
eb7d6bd6cbfc077ca677fa41253a29a1f1f9c6fb,37,14,4,55,1,VIC,squid,ICVul,CVE-2023-46728
4584da1a7fead1c45e90df583374efbf3c1e214b,213,333,65,611,8,VIC,gpac,ICVul,CVE-2021-40566
94e538aebbc9f9c529e8b1f2eda860cfb8c473b1,9,0,6,15,3,VFC,FFmpeg,ICVul,CVE-2017-16840
9a59df13cc1a779bcd3d9ea1e775ca0e79293c82,4,0,0,4,1,VIC,php-src,ICVul,CVE-2016-7417
8628de0583504138551a05ad44ca388467f0f552,3,65,16,84,3,VIC,linux,ICVul,CVE-2014-7822
28a778829da2c239869944c00219f1ebcad5a6ea,3,0,1,4,1,VIC,tcpdump,ICVul,CVE-2018-16230
c19e654ddbe3831252f61e76a74d661e1a755530,259,1,3,263,2,VIC,linux,ICVul,CVE-2011-1767
4cecb76ff86db46d2823550256c828b6597f418e,31,29,18,78,3,VIC,linux,ICVul,CVE-2011-4324
01a6f5e504d9299395888a786e52c589c16af529,413,44,119,576,7,VIC,tensorflow,ICVul,CVE-2022-35989
ac8c2459091cd0e2bf226278d7b332e81c4c855a,7,31,11,49,2,VIC,linux,ICVul,CVE-2023-23001
bd297f67887a6f7ba279956f642d23a3a458dad3,104,70,36,210,8,VIC,radare2,ICVul,CVE-2017-9520
0aaaae6eca5a7175a193696383f582f53adab23f,17,2,5,24,1,VFC,tensorflow,ICVul,CVE-2022-23587
60d6d22d85a79d194e9e1a13b831ffafa741cd6e,12,5,2,19,1,VIC,linux,ICVul,CVE-2023-2007
fbe0e839d1e22d88810f3ee3e2f1479be4c0aa4a,3,0,0,3,1,VFC,linux,ICVul,CVE-2018-6927
f151e048ed27f6f4eef729f3310d053ab5da71d4,11,0,0,11,1,VFC,php-src,ICVul,CVE-2018-15132
f6a40570fa63d5afdd596c78083d754081d80ae3,124,6,42,172,11,VFC,redis,ICVul,CVE-2021-32627
26c6b8879911df991dc780c67eaeb84c7629949d,50,0,0,50,4,VIC,linux,ICVul,CVE-2019-19815
1a295fe7ffda4878bda19a21162e41f7890a4365,0,2,7,9,1,VIC,ImageMagick,ICVul,CVE-2016-9298
eb178619f930fa2ba2348de332a1ff1c66a31424,18,0,0,18,1,VFC,linux,ICVul,CVE-2013-1819
31475dd611209413bace21651a400afb91d0bd9d,16,24,2,42,4,VIC,linux,ICVul,CVE-2019-5489
26d3c81bc5ef2f8c3f09d45eaeacfb4b1139a777,2,2,0,4,1,VFC,FFmpeg,ICVul,CVE-2021-33815
05ec6a25f80ac8edfb7d7cb764d2dd68156a6965,30,36,13,79,3,VIC,openssl,ICVul,CVE-2017-3730
7afb2d41c6d373cf965285840b85c45011357115,0,0,2,2,1,VFC,src,ICVul,CVE-2020-16088
73d6e52206a20354738418625cedc244cbfd5023,2,7,12,21,3,VIC,linux,ICVul,CVE-2011-2521
aec55359aaff7bc358d27c5b145d4a3801c26721,24,0,24,48,14,VIC,squid,ICVul,CVE-2023-46728
64e53f90cad4d7c7126ea709e215c140624b1dac,50,61,188,299,9,VIC,tcpdump,ICVul,CVE-2017-13015
7923f0611014387f67336078c1fe82bc569cae6d,177,59,116,352,2,VIC,tcpdump,ICVul,CVE-2017-13008
f03a4faa55c4ce0818324701dadbf91988d7351d,0,2,3,5,1,VFC,src,ICVul,CVE-2023-38408
9934b9c6841ee56368c7cb1d10053f68a02680ba,41,8,17,66,6,VIC,tensorflow,ICVul,CVE-2022-23571
21fc4436e5aadbf6b9139343d7c4c92f7539ba55,0,0,2,2,1,VIC,radare2,ICVul,CVE-2020-15121
f9463a4bc8ea2df5ea25c4d6e0be72011e559b95,831,127,27,985,8,VIC,linux,ICVul,CVE-2023-0030
74675a58507e769beee7d949dbed788af3c4139d,134,89,48,271,9,VIC,linux,ICVul,CVE-2013-1773
2ad9ed3b3247fc96a47d488cd40db2f63f08d4e3,6,4,8,18,1,VIC,ImageMagick,ICVul,CVE-2019-7397
e2d7d94549b7fda2944f1410ccb3892e7757b19a,24,0,0,24,1,VIC,tensorflow,ICVul,CVE-2020-15211
b4de5c5113a80c6af7168d6e4e97ae80c39d9c92,22,1,4,27,16,VIC,radare2,ICVul,CVE-2020-15121
eb24aab1704c8963c480a62ce5b6e6a97a69f9bc,18,6,3,27,3,VIC,src,ICVul,CVE-2023-27567
9c87c32c710d0b5b53dc6fd3bfde4046e1f7a5ad,20,0,0,20,1,VFC,tensorflow,ICVul,CVE-2021-37662
56e96e64976aecdfc673f29727def1ab9cfae207,371,0,0,371,4,VIC,tensorflow,ICVul,CVE-2020-15211
18fdab5a09b64252a9a61ad6d1b2eff4a257b8f2,0,0,1,1,1,VIC,php-src,ICVul,CVE-2014-3597
1e38da300e1e395a15048b0af1e5305bd91402f6,12,1,2,15,1,VFC,linux,ICVul,CVE-2017-10661
e5b0eec199c2d03de54fd6a7fd9275692218e2bc,2,0,0,2,1,VFC,tensorflow,ICVul,CVE-2022-21741
a7ce29647fcb38386d7439696375e16e093d6acb,9,0,3,12,2,VFC,radare2,ICVul,CVE-2022-1031
632f61ecd864e1842cdd8fd544452208f4b57214,65,2,7,74,5,VIC,envoy,ICVul,CVE-2022-29227
4447bb33f09444920a8f1d89e1540137429351b6,125,2,8,135,3,VIC,linux,ICVul,CVE-2012-6538
1241d44df257dc4324ff162f2b70eb60d32c5102,2386,11,17,2414,17,VIC,gpac,ICVul,CVE-2019-20629
c73cb5a2d607b5b95a06a54d8291ddb659b348b6,10,4,8,22,1,VIC,linux,ICVul,CVE-2011-1768
4ebe3dc0735c1ba02eba1cfb5d7597d84c7ef8f3,2,0,1,3,1,VIC,radare2,ICVul,CVE-2017-9520
23968a8bf65b009120c43b5ebcceaf52dbc9e943,5,0,0,5,1,VFC,tensorflow,ICVul,CVE-2022-21726
5151412dd4338b273afdb107c3772528e9e67d92,1,12,2,15,2,VIC,linux,ICVul,CVE-2018-20856
f485b95b184537c97e72e3748336cd0c7a467525,0,1,15,16,10,VIC,tensorflow,ICVul,CVE-2021-29561
f856d02e5322821aad155dad9b3acab1e9f5d693,7,0,0,7,1,VFC,tensorflow,ICVul,CVE-2022-41901
15391329339ceab62d7ffe59034b2dd19cc90ede,4,1,2,7,1,VIC,tensorflow,ICVul,CVE-2022-23588
37cefa91bee4eace55715eeef43720b958a01192,20,15,0,35,1,VFC,tensorflow,ICVul,CVE-2022-35940
e05df3b115e7308afbca652769b54e4549fcc723,1763,0,0,1763,1,VIC,linux,ICVul,CVE-2017-18249
fe01d2496c1cc3b4a327d7d9b2faba9c79479a13,106,8,54,168,1,VIC,tcpdump,ICVul,CVE-2018-16228
f645f1d6eadae8d67c832125186ad5b209e8ba03,88,3,52,143,2,VIC,FFmpeg,ICVul,CVE-2016-10191
1a3eb042c704dea190c644def5b32c9cee8832b8,6,5,360,371,44,VIC,FFmpeg,ICVul,CVE-2016-10190
2d669862df7cd17f539129049f6fb70d17174125,1,1,0,2,1,VFC,tcpdump,ICVul,CVE-2017-13031
9856fa1b281eccdc9f8d94d716e96818c675e78e,14,12,2,28,1,VIC,linux,ICVul,CVE-2015-2925
31c94250fcff763e63495d7310b912bca2148117,194,0,11,205,4,VIC,tensorflow,ICVul,CVE-2020-15202
5ce1bbb97bf1e6707102d30499e7feaa1e6a2134,8,9,8,25,1,VIC,linux,ICVul,CVE-2011-1768
a664b2d8555c659127bf8fe049a58449d394a707,27,2,19,48,5,VIC,linux,ICVul,CVE-2011-2479
f473bf76c71ca734a16f9331ce6b6e9603641888,22,67,35,124,26,VIC,linux,ICVul,CVE-2010-5329
d31fec57e9dfb0516deead2053a856e3c71e9751,1,0,1,2,1,VFC,ImageMagick,ICVul,CVE-2017-6501
a5167ca38b01c8774fec27492187f2f1b6688097,10,0,2,12,4,VIC,tensorflow,ICVul,CVE-2021-37687
050fad7c4534c13c8eb1d9c2ba66012e014773cb,68,11,16,95,2,VFC,linux,ICVul,CVE-2018-25020
dc4e57489fa0f9cf4faf4c85cc405d6db77d84db,451,0,2,453,7,VIC,FFmpeg,ICVul,CVE-2017-9996
884ca601b21ec6ef4d216ae850c0cf503f762623,2,0,1,3,1,VIC,redis,ICVul,CVE-2023-28425
99d825822eade8d827a1817357cbf3f889a552d6,8,1,2,11,1,VFC,linux,ICVul,CVE-2016-4913
2f36db71009304b3f0b95afacd8eba1f9f046b87,10,1,1,12,1,VFC,linux,ICVul,CVE-2016-1583
b44dd5e97df2f9aec5ad71e8122be98a59a35057,0,144,4,148,1,VIC,tensorflow,ICVul,CVE-2021-37686
14e606db148d6ebcaae20f1e1d6d71903ca4a556,2,0,2,4,1,VFC,ImageMagick,ICVul,CVE-2016-7520
72c2d53192004845cbc19cd8a30b3212a9288140,7,30,67,104,29,VIC,linux,ICVul,CVE-2015-3339
114ad79b95d95c008efbd015da6fc659bcd830ea,73,18,16,107,4,VIC,radare2,ICVul,CVE-2018-20458
994b78327458ea14a1743196ee0560c73ace37f3,1,0,2,3,1,VIC,linux,ICVul,CVE-2018-7480
216d117f05bff87b9dc4db55a1b1fadb38bcb786,8,2,0,10,1,VFC,ImageMagick,ICVul,CVE-2018-16323
42459e4273c2e47a3232cc16c4f4fff3b3a35c38,8,0,0,8,1,VIC,tensorflow,ICVul,CVE-2023-33976
c45be9283490d8e8d7b67074bfbdc9f24d67bc02,63,13,86,162,8,VIC,tensorflow,ICVul,CVE-2021-37656
307f2fb95e9b96b3577916e73d92e104f8f26494,10,3,1,14,1,VFC,linux,ICVul,CVE-2013-4125
62c476c7c7f25a5b245b9902a935636e6316e58c,277,20,1,298,6,VIC,linux,ICVul,CVE-2013-4592
b2a0fa152072f0085fa8d8eb0dbf9b3b0c5952fc,9,0,6,15,1,VIC,linux,ICVul,CVE-2013-4247
f57315566d7094f322b784947093406c2aea0d7d,5,0,0,5,1,VFC,tensorflow,ICVul,CVE-2022-21734
cbea2149a07bf114b846232d2207353815683309,6,113,20,139,5,VIC,tensorflow,ICVul,CVE-2020-15211
755ac67f83e515af55adbfe55134eb7d90839cdb,2,0,0,2,1,VIC,linux,ICVul,CVE-2016-7097
d917902b4e1232f6668c2d3e2929eaeb6c2a1a67,6,0,7,13,1,VIC,radare2,ICVul,CVE-2018-20461
6b8d9117ccb4f81b1244aafa7bc70ef8fa45fc49,4,4,0,8,1,VFC,linux,ICVul,CVE-2015-2041
6accb84d8437cb915e23d83673c233f5084aad68,0,0,1,1,1,VIC,tensorflow,ICVul,CVE-2022-29207
701cfaca222a82afbeeb17496bd718baa65a67d2,2,0,0,2,1,VFC,tensorflow,ICVul,CVE-2021-41210
8ccb9b693157c684e4b401561db38f26375a582f,30,24,154,208,5,VIC,hhvm,ICVul,CVE-2020-1900
b8d2271154f23ff4c540a2ad4e15e7dd3dd9a695,9,0,0,9,1,VIC,flatpak,ICVul,CVE-2021-21261
0837e3242c73566fc1c0196b4ec61779c25ffc93,24,1,0,25,2,VFC,linux,ICVul,CVE-2011-4611
14755416e364f17fb1870882fa778c7fec7f16e3,4,0,2,6,1,VFC,tensorflow,ICVul,CVE-2020-26270
78b7280cce23293f7570ad52c1ffe1485c6d9669,32,2,27,61,9,VIC,linux,ICVul,CVE-2017-15951
0fd9b0c4fac90cb58d6bb64bf4868b6e2a676a62,12,25,1,38,2,VIC,suricata,ICVul,CVE-2024-23836
61a04137064708b59fe278f5a4ba6a070f503bcc,1,1,9,11,6,VIC,httpd,ICVul,CVE-2015-0253
31610434bc3523c0b01a10917a1185096a03c4c8,237,0,0,237,2,VIC,linux,ICVul,CVE-2017-8067
bdb50267f7680e67e574dfe7f3cfd17fb587bc5d,2,0,10,12,1,VIC,php-src,ICVul,CVE-2016-9934
7f060bbb72966cae80d6fee338d0b07fa3fc06e1,3,0,2,5,1,VFC,gpac,ICVul,CVE-2022-1222
6402939ec86eaf226c8b8ae00ed983936b164908,0,0,1,1,1,VFC,linux,ICVul,CVE-2019-19075
902fb713990a8f968ea4350c7c2a27ff46f1a6c4,4,0,0,4,1,VIC,flatpak,ICVul,CVE-2023-28100
6014c6648a2a54a4ecb7f952ea1163e0798f9264,21,1,5,27,1,VFC,squid,ICVul,CVE-2023-49286
81e2cf03ac62c29c6bb365c31b9229aa3b4deff8,1431,656,178,2265,160,VIC,php-src,ICVul,CVE-2016-5094
ee511ae860c3290db2fb01278fcfff070ee15a16,522,38,50,610,3,VIC,tensorflow,ICVul,CVE-2021-29529
257de2baded9330ff392f33fd5a7cc0ba271e18d,17572,25,4,17601,75,VIC,php-src,ICVul,CVE-2016-5094
30721cf564cb029d34535446d6a5a6357bebc8e7,0,0,10,10,1,VFC,tensorflow,ICVul,CVE-2022-29208
a98a875f0d8f1479b44d198166c9f27d5601e891,470,270,7,747,3,VIC,krb5,ICVul,CVE-2014-4345
b8670c09f37bdf2847cc44f36511a53afc6161fd,1,0,0,1,1,VFC,linux,ICVul,CVE-2016-4485
a6c9af87363c5e964d981fe0ec4aa73061a0c793,217,1,1,219,2,VIC,linux,ICVul,CVE-2015-4036
229bab6bacc42295f13c0434772381a88ce2308b,4,1,5,10,1,VIC,linux,ICVul,CVE-2023-2007
e04f0283516e80d2f93366e0d479d13c9b5c8c2a,516,28,13,557,3,VIC,krb5,ICVul,CVE-2015-2698
c8761e2016aa51a2829563b02a0a55913bdb0be8,10,19,3,32,2,VIC,linux,ICVul,CVE-2020-27673
2d2699d984924890f6dac8cf51c3b6311f56816c,20,0,6,26,4,VIC,linux,ICVul,CVE-2023-3161
f0c9103813b3045bd5b43220b6a78c9908a45d24,42,17,15,74,5,VIC,linux,ICVul,CVE-2022-1974
622daca2044523bec96a177d722eb453329336a5,42,0,9,51,3,VIC,tcpdump,ICVul,CVE-2019-15167
3559e868e58005d15c6013a0c1fd832e51c73397,38,2,2,42,1,VFC,openssl,ICVul,CVE-2024-4603
3eea57c26e49a5add4c053a031cc2a1977b7c48e,11,6,10,27,1,VIC,linux,ICVul,CVE-2016-6187
7e4d731b1c07201ad9374c1cd9ac5263bdf35bce,22,6,5,33,3,VFC,openssl,ICVul,CVE-2024-2511
112067f0905b2de862c607ee62411cf47d2fe5c4,29,0,0,29,3,VIC,linux,ICVul,CVE-2012-5517
a257cdd0e2179630d3201c32ba14d7fcb3c3a055,1131,0,1,1132,12,VIC,linux,ICVul,CVE-2016-1237
c6ef89421e236d75693ae968d80d44a52409889d,4,0,1,5,1,VIC,linux,ICVul,CVE-2018-8897
0b6b491d21d6a4eb5fbab1cca565bc1e94ca9543,687,379,12859,13925,1505,VIC,tensorflow,ICVul,CVE-2022-23567
1f9852b2b9c0c623a972174f720d8ee366245e1b,11,1,28,40,2,VIC,ImageMagick,ICVul,CVE-2016-7534
0f95d441e4b5d7512cc5c326c8668a120e048eda,3,3,5,11,1,VIC,tcpdump,ICVul,CVE-2020-8037
5cf8f9923581f62e7b33d4103148fe0e56acc19d,930,775,0,1705,6,VIC,tensorflow,ICVul,CVE-2021-41201
f76e7feb41a4327d2b0978449bbdafe98d4a3771,2,1,0,3,1,VFC,tcpdump,ICVul,CVE-2017-12896
87158f43f05f2720a374f3e6d22a7aaa3a33f750,13,0,0,13,1,VFC,tensorflow,ICVul,CVE-2021-37635
f8bd2258e2d520dff28c855658bd24bdafb5102d,22,88,22,132,10,VFC,linux,ICVul,CVE-2011-3209
dc900d4f77b6787479c7e9888a7c7af646ca09b3,11,11,138,160,1,VIC,php-src,ICVul,CVE-2016-7128
c85907682a14a6fa174cb4619c4afc8984260202,4,2,17,23,2,VIC,php-src,ICVul,CVE-2016-9936
f64180182cfefdcba9a4da604763e994bd29dbe1,21,8,40,69,1,VIC,ImageMagick,ICVul,CVE-2019-13311
9a564bccb78a76740ea9d75a259942df8143d02c,0,0,1,1,1,VFC,linux,ICVul,CVE-2022-1353
4f31d78716ac94c85c244efcea368fea202e2ed4,7,5,22,34,1,VFC,ImageMagick,ICVul,CVE-2019-13454
30fdc1a3b36cfd4c8859be9d4f4ef1d951b59c21,68,37,24,129,3,VIC,tensorflow,ICVul,CVE-2021-41204
edce4d98cbc995233439cb4af45513edecb0550c,2938,1804,156,4898,13,VIC,squid,ICVul,CVE-2023-46728
704866eabe03a9aeda044ec91a8d0c83fc1ebdbe,2,0,0,2,1,VIC,tensorflow,ICVul,CVE-2022-29197
c5af5223d660c587a88baddfa0c2519a6e9d7e18,70,34,49,153,1,VIC,tensorflow,ICVul,CVE-2021-29579
10d059bb24eb88157e071a3db102ddd8f4937a00,8,11,26,45,4,VIC,FFmpeg,ICVul,CVE-2021-38114
5103e947b9b7ac18ddb21a04ee3486e94c6504d7,742,5,8,755,8,VIC,linux,ICVul,CVE-2014-9710
cc4a7391c616be7a64ed65742ef9ed3f106eb165,135,4,42,181,1,VFC,tcpdump,ICVul,CVE-2017-13006
cb8b683758edddae2d2f62e8e63a738c39f92683,0,0,1,1,1,VFC,radare2,ICVul,CVE-2020-27794
10dc4c7bb70533d16184aaaa69e137a7d2b9a3a8,50,0,0,50,1,VIC,linux,ICVul,CVE-2011-1768
7e8cc8de567e778f4533a3bf368cda6860def09a,0,0,1,1,1,VIC,gpac,ICVul,CVE-2018-13006
138118ec96cbfc303c1d7cc05fbb2caf8382c95b,95,0,2,97,3,VIC,linux,ICVul,CVE-2023-3022
689e59b7ffed34eba6159dcc78e87133862e3746,1,0,0,1,1,VFC,FFmpeg,ICVul,CVE-2016-3062
deee944f9a12c9fd399ce52f3e2526bb573a9470,6,0,0,6,1,VFC,squid,ICVul,CVE-2023-49285
9476ce1dd37d3c3218d5640b74c34c65e5f4efe5,28,1,7,36,1,VFC,src,ICVul,CVE-2016-10009
e01c9bf76740802025c9328901b55ee4a0c49ed6,1,2,0,3,1,VFC,tcpdump,ICVul,CVE-2018-14880
be0f5335e3e73eb63253b050fdc23f252f5c8ae3,2,2,0,4,1,VFC,httpd,ICVul,CVE-2015-0253
b0b13bca2ce54ba06977e4250ca22e9cad3e8e69,2090,98,123,2311,1,VIC,ImageMagick,ICVul,CVE-2015-8959
30d9c3510070f2a4acec601e6bfae2bea39011c7,18,3,23,44,1,VIC,gpac,ICVul,CVE-2019-20628
4c0425ff68b1b87b802ffeda7b6a46ff7da7241c,209,0,1,210,3,VIC,linux,ICVul,CVE-2015-8324
50e2b973eeec7172991bf8f544ab06fb782b97df,42,1,0,43,3,VFC,suricata,ICVul,CVE-2021-45098
31f2b089b3b71f748c666e8d9d1884b55bd25ff3,435,170,81,686,16,VIC,httpd,ICVul,CVE-2021-33193
29ffc87640e2a5bf0ab98bfeed8d6fc78b2d848e,25,0,0,25,1,VIC,linux,ICVul,CVE-2013-2546
62e87ad83a1e8b2e548afa986a17919c93558691,55,38,6,99,5,VIC,envoy,ICVul,CVE-2024-23325
5a80df26f3a66f08c376bf959e608ea80071204a,40866,23910,125,64901,196,VIC,php-src,ICVul,CVE-2016-5768
b1cc5e5a50e7cee09f2c6eb48eb40ee9c4125025,44,3,4,51,1,VFC,tensorflow,ICVul,CVE-2021-29519
53d02438c187bd55148d16ff9a3e2c4c112aea5b,3,3,1,7,1,VIC,squid,ICVul,CVE-2023-46728
d8c0128e0eee38cf70d964f20bd9509c9c7e1a6b,0,0,8,8,3,VIC,squid,ICVul,CVE-2023-46728
218d1121cebf8e67ceb209b61710514a2343b94f,335,29,37,401,6,VIC,envoy,ICVul,CVE-2024-23325
63d80c49baa956d871136d8d4afb7900eb4a6cc9,1,4,1,6,1,VIC,linux,ICVul,CVE-2023-2007
503358ae01b70ce6909d19dd01287093f6b6271c,1,1,3,5,1,VIC,linux,ICVul,CVE-2012-2100
add1319ee6a5a1586820398ebbece44efe813d90,126,47,231,404,10,VIC,FreeRDP,ICVul,CVE-2020-13396
f56026633bdc79c0d5ad0f0c5eaa63c07eab5b94,6,14,14,34,5,VIC,squid,ICVul,CVE-2023-46728
d76aa96d1afa556b0adb74b901831cf13134cf1d,10,3,18,31,5,VIC,redis,ICVul,CVE-2023-45145
3ec93d73d048ed7b46fe6e9f307cc7a0cc13db63,2,0,0,2,1,VFC,gpac,ICVul,CVE-2023-4721
4f054d530cceb8d77468c569ba063deec78a16f6,151,131,129,411,20,VIC,httpd,ICVul,CVE-2021-33193
d14723861b271cfb53c42006ce7fc6832461db38,5,13,1,19,1,VIC,FFmpeg,ICVul,CVE-2022-3109
6457f82aaa95e042eb5cf99e3fd6f518e36f28bd,0,0,11,11,1,VIC,tcpdump,ICVul,CVE-2017-12894
3db8dfec1ef50ddd78d6ba9503185995876a39fd,40,7,1,48,3,VFC,krb5,ICVul,CVE-2015-2698
ea3139da8fb7dc2dc02b5c2882159e29d8247e59,342,44,94,480,22,VIC,gpac,ICVul,CVE-2022-29339
b399b3281d494bf8f9b04a6f4df01ad6073026d5,48,45,2,95,3,VIC,tensorflow,ICVul,CVE-2021-37675
f8dd9a9f7565488b664c0d885501fb93f1952b56,0,0,1,1,1,VIC,FreeRDP,ICVul,CVE-2020-11097
bba1ec4c1e326f67b2ff84f542d993f520876a57,15,4,6,25,4,VIC,src,ICVul,CVE-2016-10010
9d6b7680cfcc5b784401d17fef997f0c089038b1,140,28,45,213,8,VIC,tensorflow,ICVul,CVE-2022-29196
e06c2abead37fe27ef71c33c75ec9dc3fcbbd9d9,5,1,4,10,1,VIC,gpac,ICVul,CVE-2021-40562
ca336198e8bebccc18502de27672fdbd6eb34856,4,0,1,5,1,VFC,tcpdump,ICVul,CVE-2017-13007
d10a0f980fe8f9407ab1ffbd612641433ebe175e,0,0,1,1,1,VFC,tcpdump,ICVul,CVE-2017-13046
1f15df18c426006d5b6045da1739236a7e052867,39,12,28,79,8,VIC,radare2,ICVul,CVE-2020-15121
fa09200b8334f9a6af3f656edae924a98d85630f,29,20,13,62,2,VIC,linux,ICVul,CVE-2014-9710
95d659f064bba7df32231dd15422b2855083ca3f,88,64,35,187,20,VIC,squid,ICVul,CVE-2023-46728
4292718b9c473061ffbd5e378f36893de2953387,637,522,52,1211,4,VIC,envoy,ICVul,CVE-2024-23322
1a336c934623b011c289a298aff3b7fdefb3f876,8,9,4,21,1,VIC,linux,ICVul,CVE-2020-28097
ce98a7acbcfca7f0a178f4b1e7b957e419e0cc99,2,0,0,2,1,VFC,ImageMagick,ICVul,CVE-2016-9556
e865c24efc40ebc52e75979c94cdd4ee2c1495b0,5,2,2,9,1,VFC,FreeRDP,ICVul,CVE-2022-39316
fc54b8d21cac0631578f3e382f68fa9e996210ae,1546,441,38,2025,157,VIC,squid,ICVul,CVE-2023-46728
9daa50076f585854f0040aa8403eac020d6f5d64,9,0,1,10,2,VIC,linux,ICVul,CVE-2016-9777
d6592a17a9363220934fa1008803868f1f7d823f,11,0,4,15,2,VIC,FreeRDP,ICVul,CVE-2020-11048
e942fb84fbe3a73a98a00d2a279425872b5fb9d2,17,8,23,48,1,VFC,tcpdump,ICVul,CVE-2017-12992
090089c4f7e3a6f2f6ea63a79139bbf79871f4e6,23429,0,0,23429,30,VIC,squid,ICVul,CVE-2023-46728
13d8eaa06abfeb708b60fa64203a20db033088b3,0,0,2,2,2,VIC,linux,ICVul,CVE-2012-3552
7b4c01794fbc2e6dc46e93a42416dd80929ce1e5,54,0,11,65,2,VIC,tensorflow,ICVul,CVE-2021-29563
2a1a93872e4f9822933c95d3e3d6439916b398c1,10,12,25,47,2,VIC,radare2,ICVul,CVE-2022-0695
98c4fd046f07156ca6055677e8f03d4280be16c1,25,7,1,33,1,VIC,linux,ICVul,CVE-2013-3301
2702b1526c7278c4d65d78de209a465d4de2885e,2,0,5,7,1,VFC,linux,ICVul,CVE-2012-0957
9dac77fa4011bdb4b541a8db087eac96a602faec,22,136,610,768,4,VIC,linux,ICVul,CVE-2014-3647
95421f8fc6676034ecc98771a97091c1c55a00c4,99,2,29,130,1,VIC,tcpdump,ICVul,CVE-2017-13048
245cc757e4d673ce07b090b09064951f3d029896,7,0,1,8,1,VIC,ImageMagick,ICVul,CVE-2017-14174
6fd02f44810754ae7481838b6a67c5df7f909ca3,5,0,0,5,1,VIC,tensorflow,ICVul,CVE-2021-29609
29cd8ae0e1a39e239a3a7b67da1986add1199fc0,8,0,0,8,1,VFC,linux,ICVul,CVE-2013-2634
5a352dd0a3aac03b443c94828dfd7144261c8636,5,2,11,18,4,VIC,linux,ICVul,CVE-2019-10638
235878510818c152c9734bdba4a6816e24a947c8,353,212,51,616,1,VIC,tcpdump,ICVul,CVE-2017-13055
374b8ad2958410591db2e8c42e9b65ef89655e00,42,11,148,201,1,VIC,ImageMagick,ICVul,CVE-2016-7514
e251f9bca99c0f219eff9c76034476c2b17d3dba,6,0,0,6,1,VIC,linux,ICVul,CVE-2015-8839
5396e7a3cd91b5f7895fa3dbe9809400e032d68a,394,291,51,736,5,VIC,tensorflow,ICVul,CVE-2020-15202
72fc75b5a68726cf61480940a2cfdf44eb73ae0c,655,516,249,1420,13,VIC,FreeRDP,ICVul,CVE-2020-11046
08c642c09c38a9c6454ab43a9b53b2a89b9eef99,1,0,0,1,1,VFC,krb5,ICVul,CVE-2016-3119
74e98eb085889b0d2d4908f59f6e00026063014f,6,0,0,6,1,VIC,linux,ICVul,CVE-2015-7990
256df2f3879efdb2e9808bdb1b54b16fbb11fa38,79,19,0,98,2,VFC,linux,ICVul,CVE-2014-3535
a650a4adf5b4c16b1ecc6d90ab18d9d6ea960c1c,0,0,5,5,3,VIC,krb5,ICVul,CVE-2017-15088
9cb636b5f6a8cc6d1b50809ec8f8d33ae0c84c95,7,24,0,31,1,VFC,linux,ICVul,CVE-2022-40307
72a3bbd5e431597c3fdb56d752bc56b010ba3817,24,2,1,27,3,VFC,squid,ICVul,CVE-2024-25617
aa5c6b710dfd8020d2c908d6b3bd41f1da719b3b,5,2,1,8,1,VFC,tcpdump,ICVul,CVE-2018-14461
746f1e558bc52b9693c1a1ecdab60f8392e5ff18,244,15,6,265,4,VIC,linux,ICVul,CVE-2016-1583
283782a2dc3301f4d9e8dee65654eb97c698d635,954,0,0,954,4,VIC,tensorflow,ICVul,CVE-2021-29566
84f538f1ddcb5c16d98627df8b5e8c38f0f26720,45,1,3,49,7,VIC,envoy,ICVul,CVE-2021-43826
add577804283dcd1dbb7364b7b6354ded2933150,43,1,6,50,2,VIC,envoy,ICVul,CVE-2019-15226
a95d8c88bea0c93505e1d143d075f112be2b25e3,0,6,5,11,2,VIC,linux,ICVul,CVE-2012-4444
f8877abac8e568b2f339cca70c2c3c1b6eaec288,3,4,3,10,1,VFC,ImageMagick,ICVul,CVE-2016-10064
974e4b752ee623854c5dc2bbfc7c7725029ce173,127,0,0,127,1,VIC,linux,ICVul,CVE-2013-7421
a64692a3afd85fe048551ab89142fd5ca99a0dbd,15,17,1,33,2,VIC,linux,ICVul,CVE-2011-4621
7725e7bfe6f2ce8146b6552b44e0d226be7638e7,0,4,0,4,1,VFC,openssl,ICVul,CVE-2022-3996
8856dfa3e9b71ac2177016f66ace3a8978afecc1,10,9,2,21,2,VIC,linux,ICVul,CVE-2012-3552
84ca8ae39b8d029fbe5113525c1e6d265de0e864,3,0,173,176,19,VIC,tensorflow,ICVul,CVE-2022-21725
953f28dca13c92839ba389c055587cfe6c723578,6,4,25,35,1,VFC,tensorflow,ICVul,CVE-2021-29590
bc0b96b54a21246e377122d54569eef71cec535f,101,91,0,192,3,VFC,linux,ICVul,CVE-2011-3188
4e396d733339fd5938ac3937ca26a59d579eb957,23,21,89,133,24,VIC,php-src,ICVul,CVE-2015-9253
155b73529583c38f30fd394d692b15a893960782,0,0,5,5,1,VIC,linux,ICVul,CVE-2023-0459
8f1d75039a1378aed62c3d27578a954c0a4ccce6,2497,0,2497,4994,230,VIC,suricata,ICVul,CVE-2023-35853
c54def7bd64d7c0b6993336abcffb8444795bf38,10,0,0,10,1,VFC,linux,ICVul,CVE-2014-3181
0a7c0b37e3266d13858f0cb2f69d95b541f75262,28,94,49,171,1,VIC,php-src,ICVul,CVE-2016-5093
a1b9004b768bef606ee98d417bceb9392ceb788d,9,2,2,13,1,VFC,FFmpeg,ICVul,CVE-2013-7019
f51d0f39c0fb3470d6b186974109428da91f1d1b,2603,2493,24,5120,4,VIC,FFmpeg,ICVul,CVE-2015-3417
98f84d5a9b960b6d5e641f230d84331bb009a240,58,87,16,161,8,VIC,suricata,ICVul,CVE-2024-38535
a2f95abb6d60798c552267c1f42ca4e59308b357,95,3,22,120,1,VIC,php-src,ICVul,CVE-2016-7418
2d9939a923de0c09c10999603b66982c15829a46,0,0,6,6,2,VIC,httpd,ICVul,CVE-2021-33193
f85bc674b2a2256a364fe796351bc1971e106005,4,0,4,8,2,VFC,radare2,ICVul,CVE-2017-9520
115e3ff39e8cbf2f2e044fbd6c65c2e6602c537f,18,3,3,24,3,VIC,redis,ICVul,CVE-2021-31294
a6138db815df5ee542d848318e5dae681590fccd,3,1,1,5,2,VFC,linux,ICVul,CVE-2014-5206
50496a1fab6c6a90b77da4b247321a88e632bd46,35,0,0,35,2,VIC,linux,ICVul,CVE-2013-2546
8d5d02e6b176565c77ff03604908b1453a22044d,204,11,30,245,5,VIC,linux,ICVul,CVE-2015-8324
13267a10845a8dadabed63072b537f050cec6daa,7,1,4,12,1,VFC,ImageMagick,ICVul,CVE-2016-10052
414c0708d0d60eccf8345c405ac81cf32c43e901,10,1,9,20,3,VIC,linux,ICVul,CVE-2015-7613
b20ab9cc63ca4605aec154cf54faa8455749f3f6,116,17,48,181,16,VIC,linux,ICVul,CVE-2014-1690
3bcca60853369eb05458bd033017512a7306c5c0,11,17,30,58,2,VIC,radare2,ICVul,CVE-2017-16805
6fca58f5f9c96749a575f52e20598ad43f5bdf30,12,0,9,21,1,VFC,tcpdump,ICVul,CVE-2017-12996
0bfc96cb77224736dfa35c3c555d37b3646ef35e,55,2,0,57,3,VFC,linux,ICVul,CVE-2011-4127
716d413c13981da15323c7a3821860536eefdbbb,2,1,2491,2494,295,VIC,FFmpeg,ICVul,CVE-2017-7865
b5ed738f8060266bf4ae521f7e3ed145aa4498a3,0,0,1,1,1,VFC,ImageMagick,ICVul,CVE-2016-7530
3094141c6532a4f748425c21c091001f218da8ae,3,8,0,11,1,VIC,linux,ICVul,CVE-2015-5707
8fa38359634a9910b91719818ab02f23c320dbae,5,0,0,5,1,VFC,FreeRDP,ICVul,CVE-2020-11088
4e3fd7a06dc20b2d8ec6892233ad2012968fe7b6,115,142,173,430,66,VIC,linux,ICVul,CVE-2013-4350
637f4bd1af6752e28e0a9998e954e2e9ce6fa992,8,11,10,29,2,VFC,radare2,ICVul,CVE-2022-28068
272a2c86ab4a040c4dd08933e4272b0cd5458ebb,334,10,32,376,7,VIC,tensorflow,ICVul,CVE-2021-37690
9069218d448ea547dbad5f1cbd537e88d6519d66,34,4,16,54,4,VIC,linux,ICVul,CVE-2015-8374
d7443679182a851d63fc2d3b8c5ded4840059efa,4,5,4,13,1,VIC,squid,ICVul,CVE-2023-46728
90ed61e99f5768854f252bfc669d4160e38b84b8,810,389,22,1221,11,VIC,tensorflow,ICVul,CVE-2021-37650
9308a6c7a8ef172eec225f478dd0337dbb49dbe9,5,0,0,5,1,VIC,suricata,ICVul,CVE-2024-32664
675a0813609f9097e323261b1cc4b9dc3f50d40b,39,113,12,164,2,VIC,linux,ICVul,CVE-2016-3672
2b77b277d67ce061ee6ef839e7139ebc2103c1e3,1,0,2,3,2,VFC,radare2,ICVul,CVE-2022-1244
22159fb7b7324c3d4bb9fe00d3d2ce575a15743d,450,3,7909,8362,6,VIC,php-src,ICVul,CVE-2013-7226
bc901a752a41f94374eb704428846ec989dad5eb,10,2,3,15,1,VIC,radare2,ICVul,CVE-2022-1451
e0bccd315db0c2f919e7fcf9cb60db21d9986f52,62,16,31,109,5,VFC,linux,ICVul,CVE-2011-4914
0d8506b8c52659c5bfff9535391d5e95ddcd45f1,466,0,2,468,5,VIC,FFmpeg,ICVul,CVE-2018-7557
22cc187475e2683d4ec058b44d2e55ad4b27542b,76,24,23,123,7,VIC,tensorflow,ICVul,CVE-2021-29597
24cb81a6a91288fcba19548944729ea906eb5e2a,105,47,236,388,3,VIC,linux,ICVul,CVE-2014-3673
fb44ff854e148bc5c5982dad32da98b7a0989d2d,45,28,22,95,1,VIC,linux,ICVul,CVE-2016-3140
aa673b2e4defc7cad5bec16c4fc8324f71e531f1,3,0,0,3,1,VFC,ImageMagick,ICVul,CVE-2023-5341
94fcc585fb85ad7b059c70872489b50044d401f3,97,0,2,99,3,VIC,linux,ICVul,CVE-2011-2479
d1a678d2dd791239d549cecaa8c6a475d020a6c2,456,6,85,547,11,VIC,gpac,ICVul,CVE-2018-13006
e3d99c92975efc2010d0e1e2dd4c3eb787a8d67c,123,23,36,182,2,VIC,tensorflow,ICVul,CVE-2021-29616
c00fc9d3003eb06226b58b6a48555f1456ee2475,17,8,0,25,1,VFC,hhvm,ICVul,CVE-2016-6871
ecb31dbad39ccdc65868d5d2a37f0f0521250832,2,0,0,2,1,VIC,ImageMagick,ICVul,CVE-2018-20467
72c0bdcb25305b0b36842d746cc61d72658d2941,0,1,1,2,1,VFC,tensorflow,ICVul,CVE-2022-41894
eb70e5ab8f95a81283623c03d2c99dfc59fcb319,196,0,9,205,7,VIC,linux,ICVul,CVE-2013-2058
c5b30379ba87cbe774b08ac50c1f6d36df4ebb7c,2,0,8,10,1,VFC,tensorflow,ICVul,CVE-2022-41887
1e9fdf21a4339b102539f476a9842e7526c01939,18,34,1,53,7,VIC,linux,ICVul,CVE-2022-39188
31bd5026304677faa8a0b77602c6154171b9aec1,3,0,0,3,1,VFC,tensorflow,ICVul,CVE-2021-29563
3ebedd7e345453d68e279cfc3e4072648e5e12e5,5,0,0,5,1,VFC,tensorflow,ICVul,CVE-2021-29600
05e706d98f748f609b19d8697e490eaab5007d69,16,5,10,31,1,VIC,hhvm,ICVul,CVE-2016-6873
b1d7dd80aadb9042e83f9778b484a2f92e0b04d4,2,1,0,3,1,VIC,linux,ICVul,CVE-2017-17807
8c2ea3030af7b40a3c4275696fb5c76cdb80950a,0,0,1,1,1,VFC,FFmpeg,ICVul,CVE-2017-7862
278a923c51187d37445d88a6b21082036ec9568d,34,0,4,38,1,VIC,FFmpeg,ICVul,CVE-2013-7012
fc65abad4766c2024a05ec9fe2929c3eb8bd45a2,35,90,9,134,1,VIC,radare2,ICVul,CVE-2023-0302
553f9008939638335836eec834f4dea310c17eae,14,2,9,25,2,VIC,linux,ICVul,CVE-2011-3638
f043bfc98c193c284e2cd768fefabe18ac2fed9b,10,0,1,11,1,VFC,linux,ICVul,CVE-2017-16533
bc7e04d7c8d509fb78fc0e285aa948fb0da04700,15,3,5,23,1,VFC,openssl,ICVul,CVE-2024-9143
6fd6bf5b802335afeab73447cd2574e9188c97e9,6,6,16,28,1,VIC,tensorflow,ICVul,CVE-2021-37665
b9dbdbc1f4404cba2e64939c30c87d59c9796e4e,5,6,6,17,1,VIC,linux,ICVul,CVE-2021-3640
ee1bdaac725f5188c568ab27f07917156b98081c,8,9,25,42,8,VIC,ImageMagick,ICVul,CVE-2017-11448
7dfcee2cd2a63b2c64b9b4b0850be64cb695b0a0,36,8,17,61,1,VFC,openssl,ICVul,CVE-2024-6119
90a3f90f3ee256c0489fee5595b8622f83bad124,799,0,2,801,3,VIC,tcpdump,ICVul,CVE-2017-13032
473019a9b57fa4e9cbfe0598fbeec5288484c816,14,6,26,46,1,VIC,php-src,ICVul,CVE-2016-7413
19099dc393f3ca1fd9690f914e50278cf2aee78a,0,4,2,6,1,VIC,linux,ICVul,CVE-2023-2007
998eadd8b51acc4bab790005eba49aef8c1a5919,348,0,8,356,7,VIC,tensorflow,ICVul,CVE-2022-35939
cf1a0c411b2668c57c41e9c4efd15ba17b6b322c,0,0,4,4,1,VFC,krb5,ICVul,CVE-2002-2443
9d2373420900a39f5212a3b289331aa3535b1000,6,1,3,10,1,VIC,linux,ICVul,CVE-2016-8633
fe5f4b85e6b1b54d3b4588a77133c06ade46d891,6,0,0,6,1,VFC,ImageMagick,ICVul,CVE-2019-13136
3ce424e45411cf5a13105e0386b6ecf6eeb4f66f,16,4,14,34,1,VFC,linux,ICVul,CVE-2016-4440
8e05564f9cf9a0dbd02f7f5e902b084cdad7c29b,163,3,10,176,9,VIC,tensorflow,ICVul,CVE-2022-23564
11ef9999b66c241be9e19f239ec63faa95a4ff17,1109,1,0,1110,7,VIC,flatpak,ICVul,CVE-2021-21261
f035d8b176d3bf6583027e90387021d1815ed61a,7,1,1,9,1,VIC,src,ICVul,CVE-2017-5850
47ea3bb59cf47298b1cbb4d7bef056b3afea0879,187,0,0,187,1,VIC,linux,ICVul,CVE-2012-4508
5cbded585d129d0226cb48ac4202b253c781be26,4,4,246,254,172,VIC,linux,ICVul,CVE-2023-2007
768d612f79822d30a1e7d132a4d4b05337ce42ec,20,4,10,34,1,VFC,linux,ICVul,CVE-2023-45898
c2f6833dddecf2d5fb89c9c898eee9981da342ed,4,0,0,4,1,VFC,tcpdump,ICVul,CVE-2017-13044
9a8af6d2361695c0494d85c1c825f98d2fda8b4f,4,3,1,8,1,VIC,httpd,ICVul,CVE-2015-3183
f5381e0e10b5a61344109c1b7c174c68110f7629,4,0,0,4,1,VFC,tensorflow,ICVul,CVE-2022-41883
208c72f4fe44fe09577e7975ba0e7fa0278f3d03,1,1,1,3,1,VFC,linux,ICVul,CVE-2011-2517
e9ce0d64faf19fa4e9c260250fbdf25e3c11e152,9,6,3,18,1,VFC,radare2,ICVul,CVE-2018-14017
2a69c450083db164596c75c0f5b4d9c4c0e18eba,16,2,10,28,1,VIC,linux,ICVul,CVE-2023-45898
9bb0b8136a7d5b50c5807af3bf12b758fb257814,4,4,2,10,1,VIC,linux,ICVul,CVE-2011-2491
2145e15e0557a01b9195d1c7199a1b92cb9be81f,3,0,1,4,1,VFC,linux,ICVul,CVE-2014-1738
29d635bccc81222d51328afeddb562570f9984a9,16,9,236,261,46,VIC,tensorflow,ICVul,CVE-2020-15211
1cc6f0ccc92c20c7cab6c4a7335daf29c91f0d8e,5,0,0,5,1,VFC,ImageMagick,ICVul,CVE-2017-12876
e9d7083e241670332e0443da0f0d4ffb52829f08,22,6,5,33,3,VFC,openssl,ICVul,CVE-2024-2511
f48b83b4fb7d6689584cf25f61ca63a4891f5b11,40,3,7,50,1,VFC,openssl,ICVul,CVE-2015-1789
26fed91c86713421f363731e09c158f66e3da100,0,0,86,86,4,VIC,src,ICVul,CVE-2016-10012
18eaf4e8f1769d2bb05ed354a8b6198e49aadfcc,45,22,151,218,14,VIC,tensorflow,ICVul,CVE-2022-35994
127aa55306c9e4366e10b3a6e26d01df826e2fc0,601,0,0,601,11,VIC,envoy,ICVul,CVE-2022-29225
da5b3d002862d1e105002a6dc1567e6551860896,0,1,3,4,1,VIC,FFmpeg,ICVul,CVE-2020-36138
735f5aa9ca3b28cfacc7a443f93a44387fbacf17,9,0,0,9,1,VFC,suricata,ICVul,CVE-2023-35852
61dd9f7a2260b846f07481e0392a941703cf2be5,24,62,28,114,3,VIC,openssl,ICVul,CVE-2017-3730
1f056312b4b8164b490f6fa7b0ca20edefb7b15e,0,2,28,30,1,VIC,tcpdump,ICVul,CVE-2023-1801
280e5924d3c97c916819fbfb4f7c5027dcbc20f8,1,0,3,4,1,VIC,ImageMagick,ICVul,CVE-2017-12643
6609658db0799053fbef0d7d0aa2f1fd68ef32d8,2,8,1,11,1,VFC,krb5,ICVul,CVE-2014-9422
00302787b788c5ff04cb6f62aed5a74d936e86c0,0,5,1,6,1,VFC,tensorflow,ICVul,CVE-2020-15211
5accdf82ba25cacefd6c1867f1704beb4d244cdd,358,13,15,386,2,VIC,linux,ICVul,CVE-2014-8172
033556db67e48538af7fc50ba5b1369aa1dffd26,105,92,11,208,1,VIC,krb5,ICVul,CVE-2013-1416
09ca8e1173bcb12e2a449698c9ae3b86a8a10195,14,2,1,17,3,VFC,linux,ICVul,CVE-2012-2121
35615cbe544777983d9a3eca04a1b49ac9a75e00,45,12,5,62,1,VIC,flatpak,ICVul,CVE-2021-43860
6fb40779cd3457a819e20d6db91a142c47cad3c2,425,0,0,425,2,VIC,FFmpeg,ICVul,CVE-2017-14055
850bb6f23b93c04ce1e4509a87fa607dc17d97c1,106,0,1,107,2,VIC,linux,ICVul,CVE-2023-3159
d2371b4b204f0a3c0af51ad4e9b491144dd1225c,3,0,1,4,1,VFC,gpac,ICVul,CVE-2018-21017
b5d5f725fef80ff5d50db3111c05a1a521b81e7f,0,0,458,458,28,VIC,ImageMagick,ICVul,CVE-2015-8897
3e975ea978bac4d861bb09328b06f3c316212611,1495,69,184,1748,102,VIC,tensorflow,ICVul,CVE-2022-29203
aa483808516ca5cacfa0e5849691f64fec25828e,29,0,1,30,3,VIC,linux,ICVul,CVE-2011-4621
030e2c78d3a91dd0d27fef37e91950dde333eba1,0,0,1,1,1,VFC,linux,ICVul,CVE-2016-2543
feeb2fba93a451c467ec70963995ca6371b3a568,28,35,69,132,6,VIC,php-src,ICVul,CVE-2016-7480
937cb7bed4ac9daf722d6d8d6297d3b213b7956f,393,0,0,393,2,VIC,src,ICVul,CVE-2016-10012
a2f18db0c68fec96631c10cad9384c196e9008ac,8,4,1,13,1,VFC,linux,ICVul,CVE-2015-1573
f656ce0185cabbbb0cf96877306879661297c7ad,40,33,5,78,6,VIC,linux,ICVul,CVE-2013-6368
925a09b27fc73593eb705e50e6db86c4a22091db,4,3,14,21,1,VIC,linux,ICVul,CVE-2011-3209
21dc0310cdaa5cc6034a1e100746706f5ec089eb,806,1238,730,2774,13,VIC,ImageMagick,ICVul,CVE-2016-6520
6f5ba2b651cd9d4b7fa8ee5c4f94460645877c45,1,0,0,1,1,VFC,tcpdump,ICVul,CVE-2017-12893
2570e064ce67f9f466ae79197270bf3ec36b45e5,440,0,2,442,2,VIC,FreeRDP,ICVul,CVE-2023-40589
0d0138ebe24b94065580bd2601f8bb7eb6152f56,3,0,0,3,1,VFC,linux,ICVul,CVE-2011-2707
2c5d57e059c6ac384a29e91157ad1e2689285436,1,35,3,39,3,VIC,squid,ICVul,CVE-2023-46728
6a2fe7d3e8c947a68039add0adb91d86e7392e7a,92,188,51,331,9,VIC,flatpak,ICVul,CVE-2021-21261
30a61ddf8117c26ac5b295e1233eaa9629a94ca3,31,4,14,49,1,VFC,linux,ICVul,CVE-2017-18249
5edba216a478c4d3edce3ae5da58be53dcb317ca,3,3,31,37,8,VIC,radare2,ICVul,CVE-2023-4322
3f153abffeb931988b8e4883ea0317f43d59de9b,71,80,179,330,6,VIC,radare2,ICVul,CVE-2023-47016
1a51410abe7d0ee4b1d112780f46df87d3621043,1,0,0,1,1,VFC,linux,ICVul,CVE-2011-2494
67487368bbc3f35a87314bb54ec5e12a6e3d7f93,28,0,4,32,3,VIC,tensorflow,ICVul,CVE-2022-41902
db5ed4dfd5dd0142ec36ff7b335e0ec3b836b3e6,9,266,136,411,72,VIC,linux,ICVul,CVE-2023-2007
b3e55980a3b500c551b5b8f6172febc780e7f123,2,10,5,17,1,VIC,radare2,ICVul,CVE-2018-12321
f5563318ff1bde15b10e736e97ffce13be08bc1a,5,0,1,6,1,VFC,linux,ICVul,CVE-2013-7027
0f13cd3187192ba0cc2b043430de6e279e7b97c3,608,84,201,893,4,VIC,FFmpeg,ICVul,CVE-2017-15672
6a22ad8f67f25a5a321ff6306ccbac4a3e33ee19,99,63,11,173,1,VIC,tensorflow,ICVul,CVE-2020-15211
30edc14bf39afde24ef7db2de66c91805db80828,4706,0,0,4706,18,VIC,linux,ICVul,CVE-2015-2150
20019f10b210d5cb9f863d6ee990d8c9e4836c88,31,7,4,42,1,VIC,FreeRDP,ICVul,CVE-2023-40589
3809955065afa3da1ad580012ec43deadbb0f2c8,7,0,0,7,1,VFC,gpac,ICVul,CVE-2023-46930
3718d583c6ade191dc7979c64f48c001ca6f0243,0,1,1,2,1,VFC,gpac,ICVul,CVE-2022-1035
299c4efe12e77bae73d606814f8d26caf2899d5e,1789,1067,865,3721,65,VIC,src,ICVul,CVE-2020-7247
480ac84aa8390e19a54bd2feef3a6069d959bb4e,316,0,2,318,2,VIC,tensorflow,ICVul,CVE-2022-21725
47a1494b8208461094923400c396ce4b8163c064,26,30,23,79,4,VIC,linux,ICVul,CVE-2020-36691
0f2af21aae11972fa924374ddcf52e88347cf5a8,19,12,0,31,1,VFC,linux,ICVul,CVE-2015-0275
27d6379894be4a81984da4d48002196a83939ca9,0,0,1,1,1,VIC,linux,ICVul,CVE-2017-7472
2b04e8f6bbb196cab4b232af0f8d48ff2c7a8058,7,3,2,12,1,VFC,linux,ICVul,CVE-2017-12190
7ae8fd0351f912b075149a1e03a017be8b903b9a,7,2,0,9,1,VIC,linux,ICVul,CVE-2016-4581
5937f0550304e39be64ce41cc936634f1db54e5d,6,0,2,8,1,VIC,FFmpeg,ICVul,CVE-2020-35964
86b12b48a29f4795e2e550f510d39931576bdf75,6,11,0,17,1,VIC,linux,ICVul,CVE-2014-1737
19be0eaffa3ac7d8eb6784ad9bdbc7d67ed8e619,12,1,1,14,2,VFC,linux,ICVul,CVE-2016-5195
556615dcbf38b0a92a9e659f52c06686270dfc16,6,6,157,169,9,VIC,linux,ICVul,CVE-2015-0275
4c03b862b12f980456f9de92db6d508a4999b788,9,11,7,27,1,VFC,linux,ICVul,CVE-2017-6348
9eb56b6235d66550fb3cb282344cac82e9efcb1b,79,71,402,552,7,VIC,tcpdump,ICVul,CVE-2017-12991
ecdb884869a4a197497e35abafedade911cc9c36,107,34,12,153,3,VIC,gpac,ICVul,CVE-2021-40572
2960576378d17d71cc8dccc926352ce568b5eec1,2,0,1,3,1,VFC,FFmpeg,ICVul,CVE-2013-4264
c23bfc3835173f5229b2503e3b616001a28affad,39,113,22,174,52,VIC,linux,ICVul,CVE-2021-32078
1e6a3ace073c9ec9c71e439c111d23c6e66cb6ae,4,0,0,4,1,VFC,ImageMagick,ICVul,CVE-2019-7175
781bac10156001569c5e99057f6581cd38773fc6,2,0,2,4,1,VIC,tensorflow,ICVul,CVE-2022-35993
18841a58da71e735ddf4e52cbfa6989755ecbeb7,11,2,5,18,2,VFC,suricata,ICVul,CVE-2024-23836
bc1c87a7c8c9b46447fbae5b35f862eefa604955,65,3,21,89,6,VIC,src,ICVul,CVE-2016-10009
c35d1629422a12fafb0b3d379c8739c7894521e9,38,2,20,60,1,VIC,radare2,ICVul,CVE-2022-1296
537a1bf059fa312355696fa6db80726e655e7f17,52,20,22,94,16,VIC,linux,ICVul,CVE-2013-2596
8b68416428742aa440d27dd4337636ed89d8ecc2,3,0,2,5,1,VIC,tcpdump,ICVul,CVE-2023-1801
667eff35a1f56fa74ce98a0c7c29a40adc1ba4e3,32,368,40,440,1,VFC,linux,ICVul,CVE-2011-3638
de648ac7749fe94c38cb85088feb069a11c48e3c,683,264,101,1048,30,VIC,httpd,ICVul,CVE-2021-33193
e14fd0a2801f73bdc123baf4fbab97dec55919eb,1,0,1,2,1,VIC,ImageMagick,ICVul,CVE-2016-7514
77c1090f94d1b0b5186fb13a1b71b47b1343f87f,0,0,1,1,1,VFC,linux,ICVul,CVE-2013-0290
f0168baecfb27e104e46fe914e5b5b6507ba8214,145,202,367,714,4,VIC,php-src,ICVul,CVE-2016-3132
e6ed928effb6d516272fe47b2bf0b4ba9e6a0143,0,3,4,7,1,VIC,linux,ICVul,CVE-2023-2007
bdeb220f48825642f84cdbf3ff23a30613c92e86,80,428,25251,25759,775,VIC,php-src,ICVul,CVE-2016-7126
ec409897e7c71596cc080135ef5f86b81a0e9813,91,93,0,184,2,VIC,linux,ICVul,CVE-2021-38199
a492593efccb08b72392d64966b5c7728e56f16a,20,25,8,53,2,VIC,ImageMagick,ICVul,CVE-2016-10066
ff53604b40b439cbb235f89bda99839ca81d3b9d,338,314,3,655,6,VIC,linux,ICVul,CVE-2016-3713
1bc78d795cd5cad5525498658f414a11ea0a7e9c,2,6,3,11,1,VFC,tcpdump,ICVul,CVE-2017-13032
0657c83d08845cc434175934c642299de2c0f042,0,0,1,1,1,VFC,tensorflow,ICVul,CVE-2022-23574
883a1d49f0d77d30012f114b2e19fc141beb3e8e,3,0,0,3,1,VFC,linux,ICVul,CVE-2014-4656
2da424b0773cea3db47e1e81db71eeebde8269d4,5,2,2,9,1,VFC,linux,ICVul,CVE-2012-6712
b735d0a91556fd9fd5bbeeebd7d327c2d92c36c8,23,0,0,23,1,VIC,linux,ICVul,CVE-2013-2546
9bd68dea2b7f4a79aa6c35b6193e3122c8ef2db7,6,0,4,10,1,VIC,FFmpeg,ICVul,CVE-2016-10190
3015f3d2a3cd9614294025849d3ed89fd2f3a7f5,72,23,7,102,1,VIC,linux,ICVul,CVE-2023-31436
b7683e3a5d93aa5319263b7bbfd0fee18f25955e,63,30,10,103,9,VIC,openssl,ICVul,CVE-2024-0727
ad1858d77771172e08016890f0eb2faedec3ecee,213,124,34,371,4,VIC,linux,ICVul,CVE-2015-0274
abd159cce48f3e34f08e4751c568e09677d5ec9c,6,0,0,6,1,VFC,php-src,ICVul,CVE-2016-5096
70a24c3daa0e114fa261895f5bedb3c0f53948f0,75,49,23,147,18,VIC,envoy,ICVul,CVE-2019-15226
b3332a182f8ba33a34542e4a0370f38b914ccf7d,5,1,0,6,3,VFC,FFmpeg,ICVul,CVE-2018-12460
02f909dc24b1f05cfbba75077c7707b905e63cd2,1,1,0,2,1,VFC,FFmpeg,ICVul,CVE-2019-17542
b1b64dc3558b7bde2917f9fc4f573f6a4787a95c,87,75,0,162,2,VIC,linux,ICVul,CVE-2019-19602
3432f69892d872f2f46110774abc8cc676d9a533,62,2,41,105,3,VIC,tcpdump,ICVul,CVE-2017-13040
2c10b61421a28e95a46ab489fd56c0f442ff6952,0,1,1,2,1,VFC,linux,ICVul,CVE-2023-1513
ab67e334fd39c75e2739ef2e13ad448b029b0884,25235,14128,54486,93849,691,VIC,gpac,ICVul,CVE-2018-20763
db27ebb111e9f69efece08e4cb6a34ff980f8896,0,0,2,2,1,VFC,linux,ICVul,CVE-2015-2042
3c4d7c0ee30a30e5abff3d6d9586a3753101faf5,0,0,1,1,1,VFC,tcpdump,ICVul,CVE-2017-13725
63974bd494c679e898b394a3b46500eb2685e293,0,0,1,1,1,VIC,FFmpeg,ICVul,CVE-2016-10190
4a91f2069f7145aab6ba2d8cfe41be8a110c18a5,9,0,0,9,1,VFC,tensorflow,ICVul,CVE-2021-37682
cc85ca1cb347570a95d8615b7d4c7b542042b7f0,324,5,6,335,1,VIC,FFmpeg,ICVul,CVE-2021-33815
8c6f391a2282684a25cbfec7687bd5d35261a209,1,0,0,1,1,VFC,tensorflow,ICVul,CVE-2022-23557
fe1aa78b307bbbc876aa67ba1f325d5c46420547,76,16,16,108,1,VIC,ImageMagick,ICVul,CVE-2019-13309
f488401076c5570130c018e573f450a9a6c43365,97,74,0,171,1,VIC,linux,ICVul,CVE-2019-5489
5f270658c53a99755256db40e2a41051007574f1,652,4,4,660,6,VIC,radare2,ICVul,CVE-2022-1437
a5eeacb1bd5536f4f53f36e4ad6fa50b4b1261ca,33,1,3,37,1,VIC,ImageMagick,ICVul,CVE-2019-13137
7572777eef78ebdee1ecb7c258c0ef94d35bad16,22,0,0,22,1,VFC,linux,ICVul,CVE-2010-4650
7ac73d6cd41e9d4ac0ca7e6830ca390e195bb21c,0,1,2,3,1,VFC,tcpdump,ICVul,CVE-2017-12986
acff81ec2c79492b180fade3c2894425cd35a545,1,1,3,5,1,VFC,linux,ICVul,CVE-2015-8660
6f4c618ddb0e6b7e6d49cfc8134e694be1c0bc9b,100,0,0,100,4,VIC,linux,ICVul,CVE-2014-3673
11749e086b2766cccf6217a527ef5c5604ba069c,2,0,0,2,1,VIC,linux,ICVul,CVE-2017-1000380
e8714f6f93d1a32f4e4655209960afcf4c185214,1,0,0,1,1,VFC,FFmpeg,ICVul,CVE-2015-3417
adb747051e789ed1c1996b5c86eb2c191a6005ac,173,110,44,327,3,VIC,src,ICVul,CVE-2020-16088
3b9c747d71f30c6a59f6529f8475d7f56a86a7c5,117,20,114,251,2,VIC,tensorflow,ICVul,CVE-2021-29526
2f5997140f22f68f6390c49941150d3fa8a95cb7,21,1,4,26,7,VIC,linux,ICVul,CVE-2014-3611
43817ef775a04fb5694c39d9d6a27587ce2720a4,372,0,0,372,1,VIC,krb5,ICVul,CVE-2002-2443
d345c40688a43345eebd5a440985daf77643ae3e,74,52,17,143,2,VIC,tensorflow,ICVul,CVE-2022-35994
60a2362f769cf549dc466134efe71c8bf9fbaaba,2,0,0,2,1,VFC,linux,ICVul,CVE-2014-9940
e21af685e1828f7ca65038307df5cc06de4479e8,2,0,5,7,1,VFC,tensorflow,ICVul,CVE-2022-23595
492b1e98b1d9b5b4172802f45b288060f1805f98,32,1,12,45,1,VIC,ImageMagick,ICVul,CVE-2019-17547
c3c4f69424db0760239762d36d0b1b6ae524008b,1,1,0,2,1,VIC,linux,ICVul,CVE-2014-8172
68422b215e618df5ad375bcdc6d2052e9fd3080a,39,0,0,39,1,VFC,tensorflow,ICVul,CVE-2021-41206
ca46d0acbce55019b970fcd4c1e8a10edfdded93,0,0,2,2,1,VFC,php-src,ICVul,CVE-2016-10159
e1182fac1afba92a4975917823a5f644bee7e6e8,0,0,1,1,1,VFC,FFmpeg,ICVul,CVE-2018-12458
e4f3aa2e1e67bb48dfbaaf1cad59013d5a5bc276,0,0,1,1,1,VFC,linux,ICVul,CVE-2018-18710
c30f4eb84badf7476824c38f874542a2e653b46b,39,341,12,392,21,VIC,linux,ICVul,CVE-2022-47942
013ff63b649475f0ee134e2c8d0c8e65284ede50,41,5,11,57,1,VFC,linux,ICVul,CVE-2023-45896
0fdf96b67ac2649cc1ddb29b316a0db11586c6a8,20,0,4,24,1,VIC,linux,ICVul,CVE-2015-5707
b1bd4119bcafab6f9a8f84d92cd65eec3afeface,14,3,1,18,1,VIC,php-src,ICVul,CVE-2016-7131
8f37b52e1320d8d72a9529b2468277791a261197,56,0,0,56,1,VFC,tensorflow,ICVul,CVE-2021-29520
afc39bea36fd436e54262f150c009e8d72db5014,227,15,26,268,14,VFC,envoy,ICVul,CVE-2019-15226
7d5145d8eb2b9791533ffe4dc003b129b9696c48,4,16,9,29,1,VFC,linux,ICVul,CVE-2013-0217
e81da0e113a1b7fc7449ae6213f65f89ccac6d06,9,6,9,24,2,VIC,linux,ICVul,CVE-2015-1465
50355b0b20103a2be39e269a92909fa69f16f2d0,24,1,1,26,1,VIC,linux,ICVul,CVE-2022-47942
1f686d023b95219db933394a7704ad9aa5f01cbb,1,0,0,1,1,VFC,FFmpeg,ICVul,CVE-2019-11339
de86371355058452105808b3f2d5953847c113e2,24,14,48,86,5,VIC,radare2,ICVul,CVE-2020-15121
0a543725ccdd2a01669122ce79bb67e66ede77f2,6,0,3,9,2,VFC,src,ICVul,CVE-2023-27567
bcf3b67d16a4c8ffae0aa79de5853435e683945c,1,0,0,1,1,VFC,linux,ICVul,CVE-2019-11810
7caac62ed598a196d6ddf8d9c121e12e082cac3,10,0,1,11,2,VFC,linux,ICVul,CVE-2019-14816
ba4beaf6149f7241c8bd85fe853318c2f6837ad0,2,0,3,5,1,VFC,FFmpeg,ICVul,CVE-2017-11399
88ddf3b7a1e6bb43c0be607863402d79eabb46a2,7,6,14,27,3,VIC,tensorflow,ICVul,CVE-2021-41203
9357bdd9a30c3d65ef8812e45220f7552dc4376b,0,0,13,13,11,VIC,ImageMagick,ICVul,CVE-2019-13307
18d7167f63a83d6e34177f760d58f37792925ba5,1656,109,155,1920,6,VIC,radare2,ICVul,CVE-2017-16805
2b46ebdbff1d8dec7a3d8ea280a612b91a582869,1,0,1,2,1,VFC,FFmpeg,ICVul,CVE-2018-1999011
4213ac97be449d0e40631a314d2b7bd3901d4967,950,97,176,1223,18,VIC,tensorflow,ICVul,CVE-2021-29557
c165361124cad03987156293af48fa5a9239588d,153,29,40,222,14,VIC,radare2,ICVul,CVE-2023-4322
1a839ca773ce45cd0bd04a45ee6d85eb89c262d8,22,19,99,140,4,VIC,src,ICVul,CVE-2023-52556
d23beebe7b1179fb75db1e85fbca3100e49593d9,0,0,1,1,1,VFC,ImageMagick,ICVul,CVE-2016-10145
3819db745da2ac7fb3faacb116788c32f4753f34,3,3,1,7,1,VFC,FFmpeg,ICVul,CVE-2013-7009
d95b37730b502723197021ee3eb3eb7a064822dc,11,11,2,24,1,VIC,tensorflow,ICVul,CVE-2020-15211
f8e1c57cf36ae6a67972ee8d397742da75afcad3,355,0,0,355,4,VIC,tensorflow,ICVul,CVE-2022-36026
5c8c9a8bfe750f9743d0c859bae112060b216f5c,45,2,4,51,1,VFC,tensorflow,ICVul,CVE-2021-41208
728697341f8c02f32c878d05902549a82e3e1af6,1,0,1,2,1,VIC,ImageMagick,ICVul,CVE-2017-13145
d07e352f5a8a9cbf7e8f3ed49a316ed906353fd8,44,0,24,68,8,VIC,tcpdump,ICVul,CVE-2017-12996
2c055153d401b8c49422971e3a0159869652d3da,13,2,7,22,1,VFC,gpac,ICVul,CVE-2023-1654
6a2820ffb2ac4b233f6b469b4f2a57c3e124b532,2211,2230,0,4441,4,VIC,envoy,ICVul,CVE-2022-29227
3a596a4b0f8a8c3e60ff6240508a1d7395a9bacd,173,62,221,456,59,VIC,envoy,ICVul,CVE-2019-15226
3627aaf7d289315b614a584afb388f04abfb5bbf,0,0,2,2,1,VFC,FreeRDP,ICVul,CVE-2020-11058
36404b09aa609e00f8f0108356830c22b99b3cbf,70,54,0,124,3,VIC,linux,ICVul,CVE-2022-3910
b270e92021cc98b7c8de094afd98045e674b92c3,13,6,14,33,1,VIC,radare2,ICVul,CVE-2022-0695
0af4e98b6b095c74588af04872f83d333c958c32,30,0,0,30,3,VIC,linux,ICVul,CVE-2011-2479
48e0d4788434833b47892fe9f3d91be7687f25c9,0,2,1,3,1,VFC,redis,ICVul,CVE-2023-28425
c2ad2bb3ef870067ecfc9ccdcf465feb51f2b6a5,9,4,3,16,1,VIC,linux,ICVul,CVE-2015-0239
4647e5f71a4b2d1d62238b9bce854a501b5477fb,140,161,4,305,6,VIC,httpd,ICVul,CVE-2021-33193
04d6eb1cddf88b971dc878e6e530b94be4696737,42,0,13,55,2,VIC,ImageMagick,ICVul,CVE-2019-17541
6fece75e4c21371fee59c5f701b47f4a0a946609,75,17,2,94,2,VIC,tensorflow,ICVul,CVE-2022-35934
ec9c8944af2bfc65c697ca44f93a727a99b405f1,6,0,2,8,1,VFC,ImageMagick,ICVul,CVE-2019-18853
e6857f421dce0bfb2af61bc81815f14d0be6e818,34,1,0,35,1,VIC,tcpdump,ICVul,CVE-2017-12894
a7759f410b773a1dd57b0e1fb28112e1cd8b97bc,2,0,0,2,1,VIC,ImageMagick,ICVul,CVE-2019-13297
9cb4eb772839c5e1de2855d126bf74ff16d13382,7,0,0,7,1,VFC,FFmpeg,ICVul,CVE-2017-14222
104c307147ad379617472dd91a5bcb368d72bd6d,5,0,0,5,5,VFC,linux,ICVul,CVE-2019-19082
7d35812c3214afa5b37a675113555259cfd67b98,41,32,0,73,5,VIC,linux,ICVul,CVE-2016-4997
7ef35e3b9e7a99db4930b58b33a94455dbf53276,30,9,1,40,2,VIC,linux,ICVul,CVE-2017-18249
d56d72c6a0612be14ccb455c92886d2cb102c2ab,11,5,7,23,1,VIC,linux,ICVul,CVE-2016-9313
480641e3599775a8895254ffbc0fc45621334f68,12,0,4,16,1,VFC,tensorflow,ICVul,CVE-2021-29551
f6b3ec238d12c8cc6cc71490c6e3127988460349,97,1,8,106,25,VIC,linux,ICVul,CVE-2012-3511
c9b92530a723ac5ef8e352885a1862b18f31b2f5,3,4,0,7,1,VIC,linux,ICVul,CVE-2013-2015
fa0ef93868a6062babe1144df2807a8b1d4924d2,6,0,1,7,1,VFC,linux,ICVul,CVE-2023-22995
172505b8bc361e4b08c75baf2d4d94e6c2ac94b9,319,0,2,321,3,VIC,FFmpeg,ICVul,CVE-2013-4263
6ad414fe710d4fd3a8c8c6c2ad8fefcfcc207968,34,0,0,34,2,VIC,linux,ICVul,CVE-2013-2546
79a5188e059b4a4da0dea43de49281c904c41fa9,5,4,4,13,1,VIC,tensorflow,ICVul,CVE-2022-36001
dab6cf55f81a6e16b8147aed9a843e1691dcd318,8,0,2,10,1,VFC,linux,ICVul,CVE-2014-3534
1e42736b95065c69a7481d0cf55247024f54b660,0,0,1,1,1,VFC,FFmpeg,ICVul,CVE-2017-9996
3840a06e6046aaee95f33a120499d2dc8c054b9d,4,0,16,20,3,VIC,linux,ICVul,CVE-2016-3841
2b790b1c9e3bf8f4fbc56fc3a071f2015b58de21,0,7,8,15,1,VIC,FFmpeg,ICVul,CVE-2017-9990
af1afe866297448ad8a1da99fa8a6af86c43c909,22,3,11,36,1,VIC,linux,ICVul,CVE-2015-8543
9fd6b8436008100699537c76e28c21a01e58cf4c,1215,0,1,1216,6,VIC,FFmpeg,ICVul,CVE-2017-11665
e07e1c3d26492c06f078c7e5bf2d138043e199c1,57,1,0,58,1,VFC,tensorflow,ICVul,CVE-2021-29615
617ba13b31fbf505cc21799826639ef24ed94af0,0,0,3221,3221,25,VIC,linux,ICVul,CVE-2015-8952
0a21a38d4ef5b66177f407f74f14dd7b72232b36,249,0,0,249,3,VIC,tensorflow,ICVul,CVE-2021-29558
2638fd0f92d4397884fd991d8f4925cb3f081901,5,1,0,6,1,VFC,linux,ICVul,CVE-2017-18017
51715636a5e8391a7200950b31e0377006532182,173,152,969,1294,72,VIC,FreeRDP,ICVul,CVE-2020-11046
0216bfcffe424a5473daa4da47440881b36c1f41,28,23,30,81,5,VIC,linux,ICVul,CVE-2015-8952
a59808dd57f81d1cfaa76e2624a66825e63324ea,197,0,0,197,2,VIC,FFmpeg,ICVul,CVE-2017-14222
2cab95f4a237d473e771cbf691fd29b6c969e221,20,12,7,39,2,VIC,ImageMagick,ICVul,CVE-2019-7396
9af4aa30b713a58e5952045f52c41a6e3baa2fdc,28,0,1,29,1,VIC,linux,ICVul,CVE-2011-4127
854e8bb1aa06c578c2c9145fa6bfe3680ef63b23,40,1,2,43,4,VFC,linux,ICVul,CVE-2014-3610
f3362b2383b697b32ea18b0de7b84b5824e9f652,1,1,0,2,1,VIC,ImageMagick,ICVul,CVE-2017-13146
20431e9044cf2ad3c0323c34888b192f3289af6b,10,0,0,10,1,VIC,tensorflow,ICVul,CVE-2022-36026
e3b4f515c43553a9950017d8d052541ccb8081fa,47,3,8,58,1,VIC,linux,ICVul,CVE-2013-7421
d185c47447deef6a323709208acb4ed828b9dee6,746,26,96,868,8,VIC,src,ICVul,CVE-2016-10012
093283e727f396130651280609e687cd4778e0d1,9,0,4,13,1,VIC,gpac,ICVul,CVE-2021-32132
ce7ae151ddada3dbf67301464343c154903166b3,25,51,31,107,12,VIC,linux,ICVul,CVE-2014-7822
63a94fa1d79dfbb94a2c923f8810e3b45b27570e,16,20,2,38,1,VIC,linux,ICVul,CVE-2017-18200
ab51e5b813573dc9f51efa335aebcf2994125ee9,12,0,0,12,1,VFC,tensorflow,ICVul,CVE-2022-23585
a6981567e8e215acc1ef690c8dbb30f2d9b00a19,1,1,2,4,1,VFC,src,ICVul,CVE-2017-15906
68c0bdff7ac903421f224e080499c51cd5287f97,48478,0,0,48478,72,VIC,linux,ICVul,CVE-2013-4514
d5142e3b82bf482bf75f1d3fd27fb4d31fd51e66,0,0,1,1,1,VIC,tcpdump,ICVul,CVE-2023-1801
2343b1c662ac74b90e89d8c7513dab6f86f50818,60,46,40,146,1,VIC,src,ICVul,CVE-2023-52558
ba6d7782ee2a68b0dbefbccfc1c7fab59d9e9b69,1,1,5,7,1,VIC,ImageMagick,ICVul,CVE-2016-8677
d1f707024f1d0af6e54a18885322d70fa15ec4d3,1,0,3,4,1,VFC,krb5,ICVul,CVE-2014-5353
abbd782505c760279a8bd86a45c6095428f10752,45,6,18,69,4,VIC,squid,ICVul,CVE-2023-46724
6f7b0a2a5c0fb03be7c25bd1745baa50582348ef,4,1,4,9,1,VFC,linux,ICVul,CVE-2012-6647
c1b9c794bad8f262c56f3cf690567980d96662f5,48,7,0,55,1,VFC,gpac,ICVul,CVE-2024-6064
05a974efa4bdf6e2a150e3f27dc6fcf0a9ad5655,25,2,2,29,1,VFC,linux,ICVul,CVE-2017-5548
053fc50b2cbb1979cbed1662c3d964c36fdafecd,299,515,254,1068,13,VIC,tensorflow,ICVul,CVE-2022-36000
df81d2371aeca0f7474f197a3090830899016e39,0,0,2,2,1,VIC,linux,ICVul,CVE-2023-2007
b86e33075ed1909d8002745b56ecf73b833db143,0,0,1,1,1,VFC,linux,ICVul,CVE-2017-18257
e275ada1a7f4f90e73328c35e9f02464bafed8be,6,17,21,44,2,VIC,ImageMagick,ICVul,CVE-2016-10066
557d45bca19a3c6652077eca9a16f1e095b04e5b,544,2,123,669,2,VIC,radare2,ICVul,CVE-2018-12322
224e6bc13fa353dd3b7f7a2334588f1c4229e58d,0,0,3,3,1,VFC,radare2,ICVul,CVE-2018-12321
a1b5964cbb10aae22e242a3469c2cb5ee4b5bc54,484,370,49,903,3,VIC,tensorflow,ICVul,CVE-2021-41217
ae68164cc68a352ca4ba7323dd6b3bf547bf5ab5,94,44,23,161,3,VIC,tcpdump,ICVul,CVE-2017-12894
e9189cc4af045523f91b2d9265add1ab1326fcdf,4,4,82,90,6,VIC,openssl,ICVul,CVE-2024-4741
b8f57ee8aad414a3122bff72d7968a94baacb9b6,58,9,16,83,4,VIC,linux,ICVul,CVE-2019-15920
14ff572482cfe02c5ac61a1816cb8099d458e499,0,0,578,578,23,VIC,redis,ICVul,CVE-2021-32627
6ed93dc6427d14cdfe0b272cc0a9ee4685ce9ad7,3,5,32,40,9,VIC,linux,ICVul,CVE-2015-8956
8032e1f75dd6a56b39a07890f60acc6b275d0683,95,21,56,172,9,VIC,tensorflow,ICVul,CVE-2022-23586
4a722e80d8f7924cfbe2ddf72a55e2f36f1e23ac,5995,1179,10640,17814,310,VIC,radare2,ICVul,CVE-2018-20458
ae926051d7eb8f80dba9513db70d2e2fc8385d3a,2272,0,0,2272,2,VIC,linux,ICVul,CVE-2015-4001
c1c4bb0cf9e076aafaf4ff3515556ef9faf906f3,6,0,0,6,2,VFC,hhvm,ICVul,CVE-2020-1900
4574910e5087085a1f330ff8373cee4503f5c77c,816,0,0,816,2,VIC,linux,ICVul,CVE-2011-4611
1f771fedfcbf32cddeb83fe51bb698c8c0d7b4bc,8,0,0,8,1,VIC,squid,ICVul,CVE-2024-25617
82396cfa523b4b7ef16e720d6c353fc85d91841d,63,37,48,148,8,VIC,gpac,ICVul,CVE-2023-0358
daccff024ffeb21caa2cc479ccc33b2ec50705b1,1,0,0,1,1,VIC,linux,ICVul,CVE-2011-1019
58cf5bf4fade82e3b510e8f3463a967278a3e410,6,4,2,12,2,VFC,ImageMagick,ICVul,CVE-2016-10059
48f4cfb6016ebc9cc08963305d316516ac84aa73,0,1,2,3,1,VIC,redis,ICVul,CVE-2021-32627
455750f3623b15a3b5d46c11d4c5102e9388dbda,443,0,23,466,4,VIC,tensorflow,ICVul,CVE-2020-15202
4e81ce8b07219c69a9aeccb0f7f7b927ca6db74c,3,14,0,17,1,VFC,ImageMagick,ICVul,CVE-2016-7539
9de4ee40547fd315d4a0ed1dd15a2fa3559ad707,0,0,1,1,1,VFC,linux,ICVul,CVE-2018-10940
a76a3cd40c1127ca199d4f7f37bf0d541bf44eb2,17,23,16,56,6,VIC,linux,ICVul,CVE-2015-8374
c38182a713df5268d8a4a33819a77f93b950f84c,9,6,6,21,1,VIC,linux,ICVul,CVE-2020-28097
43f4bab0e1602ade00fc4ad81a8f7af10392c370,13,3,5,21,1,VIC,tcpdump,ICVul,CVE-2017-13687
8f0cefc6996e320c7f7fa06417a1232e1243131f,97,15,54,166,3,VIC,tensorflow,ICVul,CVE-2021-41208
dd96d671e4d5ae22c6894c302e8996c13f24c45a,6,1,1,8,1,VFC,ImageMagick,ICVul,CVE-2017-17499
b6ae8ca44adfc5fdf7ec83d8a4fc29ea5d257a55,17,3,2181,2201,158,VIC,httpd,ICVul,CVE-2021-33193
cb222aed03d798fc074be55e59d9a112338ee784,7,1,9,17,1,VFC,linux,ICVul,CVE-2019-20636
5bb7e28ad4ab4f1e7f6cc29dbb4a509ed508f0b9,0,0,16,16,4,VIC,radare2,ICVul,CVE-2022-1031
be91cd05704d5a547de086d0e61c249ee62d2e13,195,193,0,388,3,VIC,linux,ICVul,CVE-2021-32399
0283c92f6eafc47510bc36924f84b4337ee7164b,647,0,1,648,3,VIC,radare2,ICVul,CVE-2017-6448
59302b600e8d5b77ef144e447bb046fd7ab72686,15,1,0,16,1,VFC,openssl,ICVul,CVE-2015-1790
55deb9b27620d8c5ef2f61a32520cb035079d0da,17,5,2,24,2,VIC,tensorflow,ICVul,CVE-2022-36015
da0d65cdc1270038e72157ba35bf74b85d9bda11,0,0,1,1,1,VFC,tensorflow,ICVul,CVE-2022-36001
814765d31c7cf9bf8753cdb2c908f516608c72ee,258,0,8,266,5,VIC,tcpdump,ICVul,CVE-2017-13030
ab941c35f9a151a4b2d01816e05518014381d63d,58,0,0,58,1,VIC,tcpdump,ICVul,CVE-2017-12994
68cb26566eefdf6810a5f9130c951a8f55dd70e5,9,1,1,11,1,VIC,radare2,ICVul,CVE-2020-15121
025a88e6602b4baa372b12cfd8492335f79c4cd8,101,98,31,230,2,VIC,tensorflow,ICVul,CVE-2022-36027
0215b38bd3ac8dbf255ab4e5dc553b14ce622130,282,0,1,283,3,VIC,radare2,ICVul,CVE-2022-1207
0245b5d8db153787bddebd170deaa51b23c5f939,7,3,45,55,1,VIC,ImageMagick,ICVul,CVE-2016-4562
b8f8b202d4fc23eb0ab4ce71ae96536ca6f5d3f8,2,0,0,2,1,VFC,gpac,ICVul,CVE-2021-32135
d2309fe5895ba431a4bb11e79564d12028cc93d5,214,157,2,373,11,VIC,tensorflow,ICVul,CVE-2022-23564
1b29a375fb0b79a11a2d18e7bf5f6da422a35025,32,19,15,66,10,VIC,linux,ICVul,CVE-2017-15102
e6b244a3b986e513779aec83beab4fb25a130aa2,2,9,0,11,2,VIC,FFmpeg,ICVul,CVE-2016-10191
97282c6d0d34476b6ba033f961590b783fa184cd,5,0,1,6,1,VFC,tensorflow,ICVul,CVE-2022-23566
3963ba649d255b5b3bdfe75af3a7cc0b1280d17f,56,0,0,56,2,VIC,php-src,ICVul,CVE-2013-7226
821a5938d100458f4d09d634041b05c860554ce0,0,0,1,1,1,VFC,FFmpeg,ICVul,CVE-2013-7013
3b004088b80d63b528724a279531806703aa9ea0,27,0,9,36,2,VIC,ImageMagick,ICVul,CVE-2016-7514
297a6961ffb8ff4dc66c9fbf53b924bd1dda05d5,2,0,0,2,1,VFC,linux,ICVul,CVE-2018-8043
b4845ed26d5cdafb4cdc1389dffafde141dccd81,1112,638,259,2009,5,VIC,hhvm,ICVul,CVE-2016-1000004
f1017b3fb318d8524210ce4d599a0b083036dee9,11,81,29,121,3,VIC,redis,ICVul,CVE-2021-41099
c2a13ced4272f2e65d2773e2ea6ca11c1ce4a911,2,2,10,14,1,VFC,php-src,ICVul,CVE-2016-7133
3b8b487114c95ef6db5fef708ef69bfb5209014e,13,52,13,78,3,VIC,linux,ICVul,CVE-2016-1583
2f201bded0df2626ad57debb6a9c6a52dced682a,1338,1449,967,3754,49,VIC,radare2,ICVul,CVE-2022-1809
30295c8936f3a426985e99bebb17d72bd7847910,91936,0,0,91936,155,VIC,linux,ICVul,CVE-2011-4112
0488a18af4ba1f630d06b685a301f6d94622aad4,160,64,35,259,2,VIC,tensorflow,ICVul,CVE-2021-29555
d800d0f45b7618c30692c01d4dbf96042468b932,10,11,26,47,1,VIC,openssl,ICVul,CVE-2024-0727
91861ce25c7f19c38afdb0f115bf90118fc19428,28,0,0,28,1,VIC,FFmpeg,ICVul,CVE-2018-1999010
33eb7d83cab733a3397168d35506e750e1e30d65,53,0,9,62,1,VIC,php-src,ICVul,CVE-2016-9934
96007e5022df35766b014a30d6fe4075cc1662cc,362,5,3,370,5,VIC,tensorflow,ICVul,CVE-2021-37665
d5559407ce29f4371e5df9c1cbde65455fe5854c,3,0,1,4,1,VFC,ImageMagick,ICVul,CVE-2017-12666
890ab3119c83c0adc0b61c1c389356b83090c8ee,2,0,1,3,1,VIC,krb5,ICVul,CVE-2013-1417
4c2bc7a022bff031e101a88363ff7756871e8721,7303,1148,478,8929,55,VIC,krb5,ICVul,CVE-2014-4343
3cbb917b4714766030b28eba9fb41bb97ce9ee02,41,0,0,41,1,VIC,tensorflow,ICVul,CVE-2022-21740
5843954375fe548776d3d5c36ff8bb79cd61f2a0,280,207,42,529,30,VIC,envoy,ICVul,CVE-2019-15226
1fd819ecb90cc9b822cd84d3056ddba315d3340f,6,0,0,6,1,VFC,linux,ICVul,CVE-2014-0131
fdd06c559d4dcf9b8c7a4f3bc54540a5aa99d083,157,0,0,157,6,VIC,tensorflow,ICVul,CVE-2022-23589
eaedf06777741da32408da72c1e512975c600c48,81,23,587,691,61,VIC,ImageMagick,ICVul,CVE-2015-8897
b04e75a4a8a81887386a0d2dbf605a48e779d2a0,0,5643,0,5643,8,VFC,linux,ICVul,CVE-2023-2007
731fd49ddbf5b71bec3fcd4a7e4004e0427cf27c,127,0,6,133,5,VIC,tensorflow,ICVul,CVE-2021-37686
ea702b80e0bbb2448e201472127288beb82ca2fe,3,3,0,6,1,VFC,linux,ICVul,CVE-2013-3302
1ff82fe0024e8070c38346b8abc1ff09612dea4c,1,0,1,2,1,VIC,linux,ICVul,CVE-2013-7266
afc847b7ddcf636e524cf5b0de644bd3a9419a8c,5,2,0,7,1,VIC,linux,ICVul,CVE-2012-0879
78dd98d5d636f0ef968095fc367c6473ed95eafd,618,49,150,817,36,VIC,gpac,ICVul,CVE-2023-5377
8587f88d8f1fb46365f725fa71653a58ddc11894,9,0,3,12,1,VIC,ImageMagick,ICVul,CVE-2019-13311
6f24f892871acc47b40dd594c63606a17c714f77,15,0,0,15,2,VFC,linux,ICVul,CVE-2012-2319
11fc109ca647ecb70c544fa8e6a93b9cfb0f3853,116,0,0,116,3,VIC,php-src,ICVul,CVE-2016-5769
ac1e516d5a4c56bf0cb4a3dfc0672f689131cfd4,0,0,2,2,1,VFC,linux,ICVul,CVE-2019-19927
9def0b9761ee096c3c539b427dfb1e52b373cdad,0,0,2,2,1,VIC,linux,ICVul,CVE-2023-2007
d29c99439d2c1498dabaae4fcaa505890bf2351b,8,33,15,56,1,VIC,tensorflow,ICVul,CVE-2021-37686
9ea93a2ec8f555ceed1ee27294cf94822f14f10f,20,1,1,22,2,VFC,gpac,ICVul,CVE-2022-29339
70ccab604049bbb995a57ab3b7fe8a3c2fdbb736,11457,0,0,11457,16,VIC,linux,ICVul,CVE-2019-19082
ab612b1daf415b62c58e130cb3d0f30b255a14d0,3,0,1,4,1,VFC,linux,ICVul,CVE-2019-19060
f0ba83717b6e4d7a15a1676d1fe06152e199b011,3,0,1,4,1,VFC,gpac,ICVul,CVE-2021-32440
040b3a2df2dd26c3e401823f3b0ce3fe99e966c5,2,0,2,4,1,VIC,linux,ICVul,CVE-2016-6136
81eb82bc497d3e2e2d59f984ea72a3bbc519fb72,235,0,0,235,2,VIC,tensorflow,ICVul,CVE-2021-37662
27674ad03ef3fe61f602bc73cc6929d84ba1dc02,146,44,48,238,9,VIC,radare2,ICVul,CVE-2023-5686
bdf4c48af20a3b0f01671799ace345e3d49576da,77,20,1,98,4,VIC,linux,ICVul,CVE-2016-6136
cde93be45a8a90d8c264c776fab63487b5038a65,7,0,0,7,1,VFC,linux,ICVul,CVE-2015-2925
f551aee9ddbfa42697efff3f370db1e6203acb50,20,9,10,39,1,VIC,ImageMagick,ICVul,CVE-2019-17541
f5895943d91b41b0368830cdb6eaffb8eda0f4c8,16,14,37,67,13,VIC,linux,ICVul,CVE-2017-18270
65f27f38446e1976cc98fd3004b110fedcddd189,150,76,143,369,51,VIC,linux,ICVul,CVE-2011-3188
28f241bb3bbdb40a2a4113c35bab54e3a9de7f3e,298,268,0,566,2,VIC,tensorflow,ICVul,CVE-2021-37686
eed4333f087b45e325d5b9ab29665d82ae9cab88,18,31,9,58,1,VIC,linux,ICVul,CVE-2017-7495
9f0730bee3eb65d07b49fd468bc2f269173352fe,16,3,2,21,1,VFC,tcpdump,ICVul,CVE-2017-13011
e7bffa64ef5ed70bac94f823e2b95262642f5296,1,0,2,3,1,VFC,FreeRDP,ICVul,CVE-2020-4032
dff1e63098a0980304fe3ba1ba81cedac3362b3a,47,3,25,75,7,VIC,tensorflow,ICVul,CVE-2021-29613
902cfe2f74d777a7dc20ac68f2393b9f84b790c1,1,1,5,7,1,VIC,FFmpeg,ICVul,CVE-2017-11665
857a6e0a4d8db0bbee685ccc97c6bd7987e7aede,5,4,5,14,1,VIC,linux,ICVul,CVE-2012-3552
f4927c45beda9a70e5c3bda0bd9f12b4f713c00b,95,11,25,131,11,VIC,linux,ICVul,CVE-2023-2007
8bf3bf69ad7333bf0c45f4d2797fc2c61bc8922f,1,0,1,2,1,VIC,FFmpeg,ICVul,CVE-2016-10190
c2ef693866beae071a24b45c49f9674af1df4028,29,21,31,81,1,VFC,tcpdump,ICVul,CVE-2017-12990
0b46813f790826e74e6e9b5deebb81c1d0c3ab20,91,1,3,95,1,VIC,tcpdump,ICVul,CVE-2017-13003
0af75d6b1ae3230fdb8c58b4a2df73a236840e9f,593,274,195,1062,1,VIC,php-src,ICVul,CVE-2017-12932
ded89e08c7fca74e2bbb9458267ed337c015dc65,75,56,5,136,3,VIC,gpac,ICVul,CVE-2018-13006
ec8013beddd717d1740cfefb1a9b900deef85462,25,0,2,27,3,VFC,linux,ICVul,CVE-2011-4127
c0d3e4d32d2805f49bec30547f225bc4d092e1f4,15,3,5,23,1,VFC,openssl,ICVul,CVE-2024-9143
d2765511ce8f66256fa044b1aab6ddd363a57c54,773,74,43,890,3,VIC,suricata,ICVul,CVE-2019-18792
ca5bef0dcc0dcde2294c2f8b5cb1ca4ad3e2f9cf,478,44,77,599,12,VIC,tensorflow,ICVul,CVE-2021-29594
1d4457f99928a968767f6405b4a1f50845aa15fd,19,7,3,29,5,VIC,linux,ICVul,CVE-2015-3339
813a224fa5bff3e34309a6494e231d5ebfa0fb4e,65,34,260,359,2,VIC,linux,ICVul,CVE-2016-3137
2a458fc4866505be27c62f81474ecb2b870498fa,24,1,0,25,1,VFC,tensorflow,ICVul,CVE-2022-35964
1c79788fb05b29478f6aa53f6ca518eb9197c8f5,44,34,56,134,1,VIC,ImageMagick,ICVul,CVE-2017-12643
48345fa3a4a29fb3002f34162550347123de916b,865,6,4,875,5,VIC,tcpdump,ICVul,CVE-2017-12893
613317bd212c585c20796c10afe5daaa95d4b0a1,1,0,1,2,1,VFC,linux,ICVul,CVE-2016-2085
f41959ccb2d9d4c722fe8fc3351401d53bcf4900,229027,0,0,229027,1108,VIC,tensorflow,ICVul,CVE-2020-26271
cd12fb906d2591e80da9edcbd4794b9b916d7489,227,1,10,238,4,VIC,linux,ICVul,CVE-2013-7421
0ed26acce328ec16a3aa635f1ca37365e8c7403a,0,1,2,3,1,VFC,openssl,ICVul,CVE-2016-2180
59d37536717f08dd6e462ed785ee0e912ff344f5,98,6,13,117,6,VIC,tensorflow,ICVul,CVE-2022-23581
21781aa0d1c97e075a338e091bf9ea46e6f192c7,17,16,16,49,2,VIC,radare2,ICVul,CVE-2020-15121
69cb46af9119e8b5554bcc4bf1bf36f39cb82131,8,3,794,805,76,VIC,tcpdump,ICVul,CVE-2017-12902
9e7d2e44dd88ba7e29c165b6fca428e384afa5a8,55,49,0,104,2,VIC,linux,ICVul,CVE-2018-17182
ca3654ebf7a439dc736f56f083c9aa98e4464b7f,2,0,0,2,1,VFC,ImageMagick,ICVul,CVE-2022-28463
614a257295bdcdeda347086761062ac7658b6830,1,0,0,1,1,VFC,ImageMagick,ICVul,CVE-2019-14980
3095060f479b86288e31c79ecbc5131a66bcd2f9,0,570,17,587,12,VFC,src,ICVul,CVE-2016-10012
122ad249a8928a5136d4fd48d75be85f154a8c4c,115,0,0,115,2,VIC,tensorflow,ICVul,CVE-2022-23565
68f6ee780dd1d63f66ec576b52c5e177e89d1f55,5,0,1,6,1,VIC,tcpdump,ICVul,CVE-2024-2397
67784700869470d65d5f2ef20aeb5e97c31673cb,2,0,0,2,1,VFC,tensorflow,ICVul,CVE-2021-29546
a21b7f0cff1906a93a0130b74713b15a0b36481d,3,0,1,4,1,VFC,linux,ICVul,CVE-2019-19079
5c234aa5e33ed9037354a4c94d0d3e0350abe5eb,6,0,2,8,3,VIC,linux,ICVul,CVE-2018-1066
de25acb3adf22228a78ebf94476678c0e4d2bb12,18,0,0,18,1,VIC,tensorflow,ICVul,CVE-2021-37689
176a3e498602351ae25833cf7456c1e30f7f59ae,79,9,22,110,14,VIC,tcpdump,ICVul,CVE-2017-13687
1728137b33c00d5a2b5110ed7aafb42e7c32e4a1,2,0,0,2,1,VFC,linux,ICVul,CVE-2023-40283
f7f7036d1cdc5716aff976fae0ea4d1b9a931b56,32,2,4,38,1,VIC,tensorflow,ICVul,CVE-2023-25667
8b3fe7b591b3c50061a8701f8eda14033420577b,149,0,0,149,6,VIC,linux,ICVul,CVE-2022-1974
8e41675e18682ee14a64acf6139d72d22ce669b6,5,0,1,6,1,VIC,FFmpeg,ICVul,CVE-2020-35964
d86473bf2ff39c05d4a6701c8aec66a16af0d410,1,0,10,11,4,VIC,linux,ICVul,CVE-2024-0607
bed704f74f089ea0947008863721ab3784550eca,3,2,3,8,1,VIC,squid,ICVul,CVE-2023-49286
a65120bae4b7,11,3,1,15,2,VFC,linux,ICVul,CVE-2023-3022
6136a16bd1fe4a88ada02e31e597b805d8a86b55,11,3,45,59,1,VIC,redis,ICVul,CVE-2021-32687
13ab8d18617d616c7d343530f8a842e7143fb5cc,65,10,7,82,1,VFC,tcpdump,ICVul,CVE-2017-13013
497c615abad7ee81994dd592194535aea2aad617,61,10,39,110,8,VIC,linux,ICVul,CVE-2013-2232
9b3e617f3df53822345a8573b6d358f6b9e5ed87,2,0,0,2,1,VIC,linux,ICVul,CVE-2013-7266
4bec97f457e593be925e92fa28d73af6a57d81cf,170,660,93,923,22,VIC,tcpdump,ICVul,CVE-2017-13687
4b40d45dafdd94f75aa2bba0c124d25757d0f4c1,992,0,0,992,5,VIC,gpac,ICVul,CVE-2021-32132
bb50337b2a8a16ca7e903cc04ab195ff0fd47ae6,2384,2262,9485,14131,344,VIC,ImageMagick,ICVul,CVE-2015-8898
2320eb73afba753b39b7147be91f7be7afc0eeb7,0,0,7,7,1,VFC,gpac,ICVul,CVE-2019-20629
1361fb7e29449629e1df94d44e0427ebec8c83c7,15,0,0,15,1,VFC,tensorflow,ICVul,CVE-2022-23580
bd97120fc3d1a11f3124c7c9ba1d91f51829eb85,0,0,1,1,1,VFC,linux,ICVul,CVE-2013-0311
6e601a53566d84e1ffd25e7b6fe0b6894ffd79c0,3,0,0,3,1,VFC,linux,ICVul,CVE-2013-1763
2df0ab045784a1ca904437601a5086f570e8cf16,116,94,2,212,1,VIC,linux,ICVul,CVE-2019-19815
c243fe7be4358f1ff19e531855597b78643d2a26,18,14,20,52,3,VIC,tcpdump,ICVul,CVE-2017-13009
47afa7a5a8a8fb9e60cdb6a3bd612e07c37e9d90,51,40,5,96,5,VIC,linux,ICVul,CVE-2018-18386
917f5f341f4901bde415293be911903362c1fbfe,373,0,0,373,5,VIC,tcpdump,ICVul,CVE-2017-13050
c1b09bbec148f6ae11d0b686fdb89ac6dc0ab14e,9,0,1,10,1,VFC,ImageMagick,ICVul,CVE-2017-12665
96b340406724d87e4621284ebac5e059d67b2194,1,0,0,1,1,VFC,linux,ICVul,CVE-2014-1444
93a2001bdfd5376c3dc2158653034c20392d15c5,0,0,5,5,1,VFC,linux,ICVul,CVE-2016-5829
75b7aeef9cc990ab705759884a725c1cad9924d0,746,1,0,747,4,VIC,tcpdump,ICVul,CVE-2017-13042
