commit_id,lines_added,lines_removed,lines_changed,Dataset,Type
8cf6848f4d4d4917a4551c9aa49dc00f699eb569,881,44,925,Java Vuln (Manual),VFC
fb3c03549e0c06dedef5eb97e8a1965369689fe1,474,44,518,Java Vuln (Manual),VIC
a34f55fc97a81966faf21e3ae404ec24f1f31cf7,68,17,85,Java Vuln (Manual),VFC
bb8ff8f4e8969b46fdacffcd27781d223c8c7244,320,7,327,Java Vuln (Manual),VIC
29fd1107fd30579ad9bb23fae4dc3ba464205745,168,0,168,Java Vuln (Manual),VFC
6808b11cd6d97c71a2eed754ed4f955acd789086,3,1,4,Java Vuln (Manual),VFC
8e413202fa1af08c09c580f444e4fd16874f9c65,61,37,98,Java Vuln (Manual),VFC
c3179e839d2f031efac7545bfd259fa31a3bcdcb,398,63,461,Java Vuln (Manual),VIC
4a4dc99c7b259646ee5e23b7aaa7c3a8bac959c1,3,3,6,Java Vuln (Manual),VFC
f57401801f2ec31e4beefa2f81adfe431e5398e3,2332,0,2332,Java Vuln (Manual),VIC
09147ffad2b3046ed21af0f524c5088e2ac551e,7,3,10,Java Vuln (Manual),VFC
bd3f2f59c9b09f70aed3ebab6bb69b464ee2d6c,2,3,5,Java Vuln (Manual),VFC
dae026a0f0511f83852053bae9d5a622e7f8048,35,2,37,Java Vuln (Manual),VFC
dbc620f84ffb626c6e6738afe0578d617a2b3d3,6,2,8,Java Vuln (Manual),VFC
93866341ec5396d07b5829be55110ff09dc81bc,33,1,34,Java Vuln (Manual),VFC
c01d3a92db7f71f751a0522912d24bcf4a94a1b0,333578,0,333578,Java Vuln (Manual),VIC
18e86b6f8bea7326934109aa9ffa705ebf4bde90,35,30,65,Java Vuln (Manual),VFC
0d93e22b4180cd1fa889d543c548b8b0264f8cdf,275,6,281,Java Vuln (Manual),VIC
942e09b71eef5bd9fdb1c8711125c4bc1193bcdc,479,15,494,Java Vuln (Manual),VFC
948d0cdec4fb35d70404b9b6e27743616400656d,8698,0,8698,Java Vuln (Manual),VIC
7576274874deeccb6da6b09a8d5bd62e8b5538b7,3,1,4,Java Vuln (Manual),VFC
ed3823b045fd19cdb801609eb034c93dd4d75c3f,1213,99,1312,Java Vuln (Manual),VIC
e19a20,15,26,41,Java Vuln (Manual),VFC
1ecba1,15,26,41,Java Vuln (Manual),VFC
ab72a1,15,26,41,Java Vuln (Manual),VFC
a84fabcbc6fee8a69253ad92a304b4718e96a7c9,264772,0,264772,Java Vuln (Manual),VIC
930a1c81f8ea4952df540f041befbfa2d6757838,34,5,39,Java Vuln (Manual),VFC
050687b386acfc1c27d3826d0a9936a3f042b09e,1730,61,1791,Java Vuln (Manual),VIC
a0bbf1e7da158ae191582f032343c6171e6a0b44,12,2,14,Java Vuln (Manual),VFC
176f6fc0b83eefc4e196370e9d12775c99b711ea,38,0,38,Java Vuln (Manual),VIC
311baf12252abf21947afd07bf0a0291ec3ec796,708,74,782,Java Vuln (Manual),VFC
42ec5f97f6af3f8c91822fcc0da1f19bc9b5b9b1,387,0,387,Java Vuln (Manual),VIC
b597f7a865a527a84ee3d6937075cfbb4470ed20,395,84,479,Java Vuln (Manual),VFC
8a003bf4984c233b33e0e8b686c68deb2164c0b3,213,167,380,Java Vuln (Manual),VIC
58cdbbef9c77ab2b44870f9d606593b49cde76d9,41,3,44,Java Vuln (Manual),VFC
86267a2346e3517482282a38e8bc7d167c039963,116,155,271,Java Vuln (Manual),VIC
157febfdebfd63708233b492f3271ceb1bd1eafc,59,7,66,Java Vuln (Manual),VFC
cd942abfb08004766db8b9f553774fc1c08b69d5,49,25,74,Java Vuln (Manual),VIC
e5647554e6801a522c508a8eb457979a9af8c398,41,1,42,Java Vuln (Manual),VFC
588c6b5e9e6beb8e5b35584051f942473648c66d,3035,1267,4302,Java Vuln (Manual),VIC
6a79d35d6654d895d0a4b73b3a9282ec9aaeeb06,48,1,49,Java Vuln (Manual),VFC
c659a6007b258f3e2afc57cf2b4c4c5eb03fce74,1725,69,1794,Java Vuln (Manual),VIC
49a3f0a11d41f7124b893a08dc9e67594c32e2e,102,42,144,Java Vuln (Manual),VFC
b52bf267c7aa528b282d09c637344650f903495,96,32,128,Java Vuln (Manual),VFC
49a3f0a11d41f7124b893a08dc9e67594c32e2ee,102,42,144,Java Vuln (Manual),VIC
74e26830d2849a84729b33497f729e0f033dc147,7,3,10,Java Vuln (Manual),VFC
bfbc4c04e007393986f374a02dfb7ded23bc9a05,106,101,207,Java Vuln (Manual),VIC
134686ef7185d3f96fec953136ab4847cd36b68,0,31,31,Java Vuln (Manual),VFC
db12a50a32cd779e4f36f52dc2374692477bf94d,2689,497,3186,Java Vuln (Manual),VIC
a8ce4435e3ffe9985116999f8dfae1b883548acf,4,149,153,Java Vuln (Manual),VFC
a8ce4435e3ffe9985116999f8dfae1b883548acf,4,149,153,Java Vuln (Manual),VIC
e62aa0252dfcf34dff0c3a9c51265b1d0f9dfc9f,192,89,281,Java Vuln (Manual),VFC
528b82634f528468970eaa655c0085b1c9592b71,1373,30,1403,Java Vuln (Manual),VIC
9730cd6a3bbb481ee4e400b51952b537589c469d,425,21,446,Java Vuln (Manual),VFC
7c0eaea07e8b91c21f8c188545db1b4e653c6cd8,56,2,58,Java Vuln (Manual),VIC
44e4fbf1d0f6db295df34601972741d4cf706cbd,106,77,183,Java Vuln (Manual),VFC
1c9dcb152130b0b8de59f9df4256fa349c695f25,535,302,837,Java Vuln (Manual),VIC
2d399aa6062fccd6af496bd776314d1944f7090,169,3,172,Java Vuln (Manual),VFC
53185f0b221b899aacb3c379647a866a8f408a8,0,1,1,Java Vuln (Manual),VFC
5e1d70c6957703cdebbfe5d796462e5a89c8bc2,169,3,172,Java Vuln (Manual),VFC
f337a98e86ef18611b14570e6780053fe3ddcc0,0,1,1,Java Vuln (Manual),VFC
68f2de31b7752bd49b7898d7098b3bfe8e0d0bd,0,1,1,Java Vuln (Manual),VFC
a8a2b8c0a37e348981a4cf41fd2b329b6079f40,179,8,187,Java Vuln (Manual),VFC
05ff65d5cebf1fa5172c59dd16359ed583c099c,0,1,1,Java Vuln (Manual),VFC
5b64969d37cf2906efd4623cfd473041ce5132f,187,12,199,Java Vuln (Manual),VFC
15a1f10fb532bdcba184cda17be602a2358bd5e,0,1,1,Java Vuln (Manual),VFC
e030f6665db037a2f73f30b9125fb770f29a7bd,179,8,187,Java Vuln (Manual),VFC
f7db8aa81be1e0339a41de1ead9276174bcbe9a5,158,15,173,Java Vuln (Manual),VIC
b091934f9e98568b848d0584a1145c8e514cbd21,293,10,303,Java Vuln (Manual),VFC
7bf019a9c2779368133850f141174febede6ad96,2255,218,2473,Java Vuln (Manual),VIC
a519819c9a3a9beed3721b043711bb1eb5c07897,46,4,50,Java Vuln (Manual),VFC
7f9e44c0ee709f80badb39bb32c1de386a05f837,68623,6,68629,Java Vuln (Manual),VIC
a8018783373ff5e5210225069c9919e071597d5e,179,46,225,Java Vuln (Manual),VFC
d2f053733eabf5c1587a9e5e9fb642d554fb5fed,2324,474,2798,Java Vuln (Manual),VIC
c9cd1e521673ef0cccb8795b78d3cbaefb8a576a,58,3,61,Java Vuln (Manual),VFC
74da47c604b38afe5c8754d30bf1fc39a58b1bdc,87,25,112,Java Vuln (Manual),VIC
6d7d192e4799b51931e55217e02baec14d49607,41,0,41,Java Vuln (Manual),VFC
cedc28d4ab2a27ba47e15ab2711218d96ec88d2,47,9,56,Java Vuln (Manual),VFC
745f203e577bacb35b042206db94615141fa5e6,51,7,58,Java Vuln (Manual),VFC
e3236a9680709de7a95ffbc11b20e1bdc95a860,52,0,52,Java Vuln (Manual),VFC
11a425d11a329010d0ff8255ecbcd1eb51b642e,55,1,56,Java Vuln (Manual),VFC
fc4c20fc3469674cb584a4fb98bac7e3c2277c9,51,7,58,Java Vuln (Manual),VFC
12258c7cff8d32710fbd8b9088a930e3ce27432,47,9,56,Java Vuln (Manual),VFC
1373e3d8ad60e4da721a292912cb69243bfdf47,47,9,56,Java Vuln (Manual),VFC
6a4ae6f6eeed1392a4828a5721fa1499f65bdde,41,0,41,Java Vuln (Manual),VFC
45a1c680c276c4501402f7bc4cebcf85a6fbc7f,49,10,59,Java Vuln (Manual),VFC
eaa2b8035b584dfcf7c79a33484eb2dffd3fdb1,43,1,44,Java Vuln (Manual),VFC
65e55097da2bb3f2fbdf9ba1946da25fe58bec9,41,0,41,Java Vuln (Manual),VFC
bd98d4e77cf9f7b2f4b1afb4d5e5bad0f6b2fde,46,8,54,Java Vuln (Manual),VFC
5128a9a453d64bfe1ed978cf9ffed27985eeef36,67543,0,67543,Java Vuln (Manual),VIC
1c5cab2a4069ec3239c531d741aeb07a434f521b,49,3,52,Java Vuln (Manual),VFC
edba32b3093703d5e9ed42b5b8ec23ecc1998398,349,26,375,Java Vuln (Manual),VFC
03582973d74b30eba4b00be50189258b2d843bad,8496,0,8496,Java Vuln (Manual),VIC
5dcc19215827db29c993d0305ee2b0d8dd05939d,140,6,146,Java Vuln (Manual),VFC
ee87a184c7ccbfe03234782ebd6cc76c954a4a3c,277,112,389,Java Vuln (Manual),VIC
5bc4e6,80,2,82,Java Vuln (Manual),VFC
7f0221,80,2,82,Java Vuln (Manual),VFC
d43c68c0126306021a12afbfe7876a36612fbbc3,30,47,77,Java Vuln (Manual),VFC
9f8f2f2f5f7df873061679c80edd151c94afdd38,1454,116,1570,Java Vuln (Manual),VIC
20e26226107f3133c87d0f5c845e02f824823f69,1120,125,1245,Java Vuln (Manual),VFC
6b979d07fd4be6ac913368f2abeae690d3325d37,4,2,6,Java Vuln (Manual),VFC
dcb5a74a3987d2264ad195c7844bbb6c81216610,26,0,26,Java Vuln (Manual),VFC
53600cfaf16966ed01b4e888993e7700106ed97b,1382,3,1385,Java Vuln (Manual),VIC
3ccb46dd16b6ec98f70b0ee53eafe5ed6380891e,4,4,8,Java Vuln (Manual),VFC
784fabac7d1586a5614bd4bc8854fd62850dbe26,220,92,312,Java Vuln (Manual),VFC
5377f25d9eed755328216912ef5e922c93e14f3,225,87,312,Java Vuln (Manual),VFC
62b42bf27589fd8128f6d1a202455c5731c890c2,27,24,51,Java Vuln (Manual),VIC
9434a44d3449d620b1be70206819f8275b4a750,36,9,45,Java Vuln (Manual),VFC
9a0231683a77e2957cea0fdee88b193b30b0c97,36,9,45,Java Vuln (Manual),VFC
c8acd2ab7371e39aeca7c306f3b5380f00afe55,36,9,45,Java Vuln (Manual),VFC
3c97e9bb92d2572631c4633c04ec00607a10638d,46,5,51,Java Vuln (Manual),VIC
3cfe34fefedcf0fdcfcb061c0aea34a715b7de6,48,69,117,Java Vuln (Manual),VFC
630e1ba065a8215c4e9ac03bfb09be9d655c2b6e,48,69,117,Java Vuln (Manual),VFC
5f54b8d087f5125d96838aafa5f64c2190e6885b,52,14,66,Java Vuln (Manual),VFC
b4265d369dc29d57a9f2846a85b26598e83f3892,94,85,179,Java Vuln (Manual),VFC
0c543aef318341ca9bd482e15f1637497b8a4dfd,72963,0,72963,Java Vuln (Manual),VIC
5fa7ac68c0e4251c93056d9982db5e794e04ebfa,244,26,270,Java Vuln (Manual),VFC
9e2c0e409899cc7eae9b01db85f4e355062e88c1,7,1,8,Java Vuln (Manual),VIC
cac0e710bf2b8bed9c602fc597e9de1d8903abed,170,32,202,Java Vuln (Manual),VFC
928dbc232f851bf06a40032a2fd297c5d7d8352c,126165,0,126165,Java Vuln (Manual),VIC
88d89d6523802c044cfcb7930cba40d8eeb21da2,63,1,64,Java Vuln (Manual),VFC
5da3fd1da735f32b138a850d990a6f51190cef5f,176519,0,176519,Java Vuln (Manual),VIC
6a0d7d56e4ffb420316ce7849fde881344fbf881,27,0,27,Java Vuln (Manual),VFC
78edff6f7f410bb53c03e67f7f90a6d3521cee7f,9613,4435,14048,Java Vuln (Manual),VIC
90c898335786211d253c0503453e2f8b93e0d3fe,44,603,647,Java Vuln (Manual),VFC
f65c961ea31e3c1851daba8e7e49fc37bbf77b19,50,607,657,Java Vuln (Manual),VFC
ec46e587ac2cff468a1c10664dbf2af12d9672b5,7691,0,7691,Java Vuln (Manual),VIC
44a5ca0fbd357b8b5d81aa9313fb01cca30d8ad,36,3,39,Java Vuln (Manual),VFC
735579b6f987b407049ac1f1da08e675d957c3e,40,4,44,Java Vuln (Manual),VFC
7b168c142b09c3b03e39f1449211e7ddf026a14,33,3,36,Java Vuln (Manual),VFC
07aa458582c654e0683091b9da36e54c1ce7a0c4,3433,889,4322,Java Vuln (Manual),VIC
4e67928412ad56333d400f3728ecdb59d07d9d63,58,13,71,Java Vuln (Manual),VFC
4b38d6228f4ba5ee912735dc692275499bbf45f6,495,86,581,Java Vuln (Manual),VIC
1f9f44ceb818b46518176e81c6dea5a0d12750c,27,9,36,Java Vuln (Manual),VFC
e373c64c96a54a7abfe4bccb82e8feb60db0474,51,30,81,Java Vuln (Manual),VFC
8cfe32cf4f61d218439e57e134ccc3413aa98f89,78,81,159,Java Vuln (Manual),VIC
bc7d01048579430b4b2df668178809b63d3f1929,74,26,100,Java Vuln (Manual),VFC
d27b5d0ab6e8b91a77e272ad57ae83c7d81d810b,278,123,401,Java Vuln (Manual),VIC
6b710a42e00acca405e085724c89cda016cf7442,156,41,197,Java Vuln (Manual),VFC
9ca394d54dd24e67867c845a58150f6b51761512,575,25,600,Java Vuln (Manual),VIC
a41ce6892cb0590b2e658704434ac0dbcb6834c8,83,1,84,Java Vuln (Manual),VFC
29f975ea99d9b9310c6fc33ac4f844fb10f4d98a,37,82,119,Java Vuln (Manual),VIC
957c56dbe5b1490490c09ddfbca9a4204c7c9d00,43,0,43,Java Vuln (Manual),VFC
a196766ea07775f18ded69bd9e8d239f8cfd3ccc,644212,0,644212,Java Vuln (Manual),VIC
1f464b9412e1b1c08d40c8ffac40edd52731da48,82,34,116,Java Vuln (Manual),VFC
508128e3e64aeb0c09339172aabb8dbd3434980c,83,42,125,Java Vuln (Manual),VIC
cdcf49c0a2b36ffc7a004d54405bb4357870c4b2,3,2,5,Java Vuln (Manual),VFC
95846b173d83c2eb42db75dae3e7d5e13a633946,378,21,399,Java Vuln (Manual),VIC
eccc31ebce5430f9e91b9684c63eaaf885e603f9,2,1,3,Java Vuln (Manual),VFC
a0fdca138feec2c2e94eb75ca1f8b76678b4d152,2,1,3,Java Vuln (Manual),VFC
31be88afa28fb9b1e9854d0d7673ab9b979cf9be,96,0,96,Java Vuln (Manual),VIC
acaac81f96fec91ab45bd0412beaf9c3acd8defa,37,8,45,Java Vuln (Manual),VFC
416d12366597ba69358b76e0d17bbb9b3bdfcd5d,20,22,42,Java Vuln (Manual),VIC
2b8200f7d701ea6ff9638f629f0bd81d2e48410c,242,54,296,Java Vuln (Manual),VFC
8f0093e4648f0e9598d26847984eee060535f951,47,10,57,Java Vuln (Manual),VIC
40bf278e66786544411c471de5123e7a71826b9f,220,35,255,Java Vuln (Manual),VFC
5cba088905f1ee6f4a2f6616dd064330405aa82d,125,8,133,Java Vuln (Manual),VIC
9b16fef6e9a1c8f4352cb979df8ef4a9336d655,233,48,281,Java Vuln (Manual),VFC
ee39e8863bb43b63e34fe9ac6ec9b864cd8afca,21,8,29,Java Vuln (Manual),VFC
16661f7e7e28f8ea8585a0402bd91eb6721ce55,166,35,201,Java Vuln (Manual),VFC
417202db8e1714bdca1bd57879634866934c6f5,38,20,58,Java Vuln (Manual),VFC
271a2814157c5de78345effdbe2a21c740880cd,36,17,53,Java Vuln (Manual),VFC
89b18d573394c84012c58c892e9a3844fb8c7b4,29,19,48,Java Vuln (Manual),VFC
8a5743c74b7ab1daf7cb428fee0d9b3f03fb914,266,68,334,Java Vuln (Manual),VFC
c47a5d09a1123ca8e77f832f8335e227b820b3f,170,31,201,Java Vuln (Manual),VFC
4d4e6d418fe3bca14c7cff1c7161e3794026f96,244,53,297,Java Vuln (Manual),VFC
899b8b0db3d40603488ad50f116ab9e68021ba3,170,34,204,Java Vuln (Manual),VFC
b6060be66b6cbf447c0c62e5b80caa565e10f38,21,8,29,Java Vuln (Manual),VFC
ee03f9b4a5facaee1b9d25313862e1d043f5a5d,60,39,99,Java Vuln (Manual),VFC
c47a5d09a1123ca8e77f832f8335e227b820b3fc,170,31,201,Java Vuln (Manual),VIC
efb860b3ff8ebcf606199b8d0d432f76898040da,8,0,8,Java Vuln (Manual),VFC
816552abf6735fa37dfd37c8a7bfbdbd045477e0,47,19,66,Java Vuln (Manual),VIC
3e4c4bed2d08e81ca5961ab5fcadab23470db1c,13,4,17,Java Vuln (Manual),VFC
2ccfba48bdfac6c2cd09c8f058641da0011e4c7,13,4,17,Java Vuln (Manual),VFC
cecc58e7495aad84069401d9703badb99937becf,290,66,356,Java Vuln (Manual),VIC
12d715676038efbf9c728af10163f8277fc019d,16,0,16,Java Vuln (Manual),VFC
1c1c77b0efb667cea80b532440b44cea1dc427c,16,0,16,Java Vuln (Manual),VFC
40fa74c74822711ab878079d0a69f7357926723,16,0,16,Java Vuln (Manual),VFC
fc6f2ead8463d06ae73954508927e4f2224c8e77,45,40,85,Java Vuln (Manual),VIC
02b0439639a9dab264cdb3ed4081c231e0079c13,666,69,735,Java Vuln (Manual),VFC
1e0a7c21ea77ae2684a2d0b5d809b4241567bd2b,592,183,775,Java Vuln (Manual),VIC
dac97f1b7dac3e70ff603fb6fc9f205b95dd6b01,21,3,24,Java Vuln (Manual),VFC
f2694a8ed93f1f63f87ce45d0bb638478b426acd,38,19,57,Java Vuln (Manual),VFC
a99fe3eda4af496cd6e2b90b7f9988a76fe6695e,87,115,202,Java Vuln (Manual),VIC
426be73b9e7500fa3d441231fa4e473de34743f6,57,2,59,Java Vuln (Manual),VFC
5f05b511d7d1184f6f25a2b644b615c4f21b8e68,829,340,1169,Java Vuln (Manual),VIC
cd31cc397fe17389d95b83d6a9caa46eebc54faf,155,69,224,Java Vuln (Manual),VFC
327fbdc2c2f8595b1fbc09f5925c907b42f2d45a,33993,79,34072,Java Vuln (Manual),VIC
75411ab34a3d53c43c2d508b12314a9788aa417,3755,396,4151,Java Vuln (Manual),VFC
6d9fc04c052adbc79bbbb1c63f3f00c816fb8e5,466,15,481,Java Vuln (Manual),VFC
b0fbdba0c2a0334704f4c8969f2d0deb5d73cf95,585,579,1164,Java Vuln (Manual),VIC
025b48f3193e2b10b1c41d2bc3bcfc9cfc238a27,87,1,88,Java Vuln (Manual),VFC
e91f279199ac5419d71ba7b15070c585f4962eb3,10406,56793,67199,Java Vuln (Manual),VIC
2235894210c75f624a3d0cd60bfb0434a20a18bf,103,49,152,Java Vuln (Manual),VFC
6ce32ffd18facac6abdbbf559c817b47fcb622c1,65,0,65,Java Vuln (Manual),VIC
ed4b9d791f9470e4c3de691dd0153a9ce431701b,6,3,9,Java Vuln (Manual),VFC
8460d7712dcbb72e3d4f2f8ebb9a26fc4e9ddcf9,37,2,39,Java Vuln (Manual),VIC
dbf259508c2b8e176d8cb837177aaadbf44f0670,84,40,124,Java Vuln (Manual),VFC
ac8e57259f8e4d8183d938f46a28f3c73b595940,33,0,33,Java Vuln (Manual),VIC
4c6584306b40de9b2dfa9065c3a438cd918534af,3,2,5,Java Vuln (Manual),VFC
4044ecfb80732b721ffa206388574cf08bf7d295,83,27,110,Java Vuln (Manual),VIC
666e356ebc479194ba51e43bb99fc42f849b6175,126,33,159,Java Vuln (Manual),VFC
7d97adc68789f4a191cee15de482530dd9d5c31d,583,52,635,Java Vuln (Manual),VIC
97b565469058cacac6d2559b2cff37effcca2cfd,62,1,63,Java Vuln (Manual),VFC
80e2b8eb39af640eaf6cec8b9dcdd0eef7c48aa7,761,101,862,Java Vuln (Manual),VIC
a48698caa32933458916980ab05256f56099a337,373,91,464,Java Vuln (Manual),VFC
0a4fd79b225df03d769a267c9b464893a36753c6,67,0,67,Java Vuln (Manual),VIC
b8e7fecccc7dc8edcabb4704656a7abe6352c08f,491,6,497,Java Vuln (Manual),VFC
a9cfe73511342c7f7d95a591bbf5ca1e7a8c1e86,129,11,140,Java Vuln (Manual),VIC
a97766d62f067845869c44b39604851c7ca91d02,10,0,10,Java Vuln (Manual),VFC
4d998c12c95a6e5ce3d66c0d861e75e33b5cf013,350029,0,350029,Java Vuln (Manual),VIC
a78cfa4b2ca979a1981fb371cfdf2c7212f7b6e2,161,2,163,Java Vuln (Manual),VFC
3e28ac1e463c78f4b181144d5ca41f578a2d3b8f,633,38,671,Java Vuln (Manual),VIC
a36035b49ba7d6514d6c386b51e1ad2512371b3d,58,3,61,Java Vuln (Manual),VFC
1bb10ee01e2f32135eeaf12a6639cacd75563e04,559,1,560,Java Vuln (Manual),VIC
1c5f53076b625c44111c1e9430dc36327a08858,153,0,153,Java Vuln (Manual),VFC
6f59ef267b2c3567754f8bea87daafc34cd9bd5,149,0,149,Java Vuln (Manual),VFC
7f21ade92407c5c65d2bd83a42e752838acdde5,150,0,150,Java Vuln (Manual),VFC
fe36861ada3e75259ff601a9f6b0e1cd5fbb8afe,10697,946,11643,Java Vuln (Manual),VIC
6bd694b7980494c12d49ca1bf39f12aec3e03e2f,1,6,7,Java Vuln (Manual),VFC
f8ed98e684c1a67a77ae8726db05a04a4978a445,15,4,19,Java Vuln (Manual),VFC
88a9451b92180609b7bb93d0314bc8384f0c24a4,589746,0,589746,Java Vuln (Manual),VIC
1db7e02de3eb0c011ee6681f5a12eb9d166fea8,284,15,299,Java Vuln (Manual),VFC
d3acf45ea4db51fa5c4cbd0bc0e7b6d9ef805e6,284,15,299,Java Vuln (Manual),VFC
2eeb2e92359381328789585233e54c9bbd41e6dc,5964,90,6054,Java Vuln (Manual),VIC
97d871a7553a01384b43df855dccdda5205ae77,1864,1291,3155,Java Vuln (Manual),VFC
2caa38a2795fe1f1ae6ceda4d69e826ed7c55e5,31,31,62,Java Vuln (Manual),VFC
31815598a2af37f0b71ea94eada70d6659c2375,31,31,62,Java Vuln (Manual),VFC
0c55c85d06ccd2f0bd38a5376417b5c6b8c09aef,411,351,762,Java Vuln (Manual),VIC
2a2f1dc48e22a34ddb72321a4db211da91aa933b,1,1,2,Java Vuln (Manual),VFC
a433f625f89c1d464b05186411ff20802e292fb4,4855,0,4855,Java Vuln (Manual),VIC
2412c90ba5584fed123fa6a33e752e6c8eaf74e9,59,0,59,Java Vuln (Manual),VFC
4e410e068b8d367c53766a7da712b1b6f3fd8101,191,0,191,Java Vuln (Manual),VFC
62e82ad92cf4818709d6044aaf257b73d42659a4,78,0,78,Java Vuln (Manual),VFC
25ac3249dc2a40bd52ceccc9251c8446b036d197,38,5,43,Java Vuln (Manual),VIC
885ab3459e146ff830d1f7257f809f4a3dd4493a,6,6,12,Java Vuln (Manual),VFC
5a29daedeb5ac7e9e2af87ce1a7bbfad230d5c8,3753,413,4166,Java Vuln (Manual),VFC
8a06bd1ccef382461c7b0a63f2012f4aeac9075,4655,435,5090,Java Vuln (Manual),VFC
0957b8404e1ecfc5703d7c2827752773b7dc23be,748,532,1280,Java Vuln (Manual),VIC
d87d1e4f8e20f6494c0232bf8560c961b46db634,197,91,288,Java Vuln (Manual),VFC
98fa28a60b235d9c600fac578227086fc86b42df,492,0,492,Java Vuln (Manual),VIC
060ecc,123,33,156,Java Vuln (Manual),VFC
959f1d,123,33,156,Java Vuln (Manual),VFC
b191a0,123,33,156,Java Vuln (Manual),VFC
b3a8e01654549b0b79fc7c7684cd492cd5aafe4b,13,14,27,Java Vuln (Manual),VIC
6d7d2927ddcd8c7ddd902fa1196b1e780c0d70ea,319,6,325,Java Vuln (Manual),VFC
22109eea84e4ea5ab773f58baad2b366b1858591,307,294,601,Java Vuln (Manual),VIC
54b65c1d30848835f26bd138c0ba407bc1e560d,9,14,23,Java Vuln (Manual),VFC
2ec54fa0c13ae65bdcccff764af081a79fcc05f,9,14,23,Java Vuln (Manual),VFC
341d4e6cca71c53c90962d1c3d45fc9e05cc50c6,9,14,23,Java Vuln (Manual),VFC
4abc7be95f5a39c4ab0781da53e89b13fe863990,267,36,303,Java Vuln (Manual),VIC
2b31723708256c08c5209308eb6ccfb03e2ab990,1,1,2,Java Vuln (Manual),VFC
8fcdb1aa3deb892691b44bdf57e8d780da09e2a4,1,0,1,Java Vuln (Manual),VFC
ad6647120db12f0e67ee4a952a71ea494a39a475,21,1,22,Java Vuln (Manual),VFC
35e89b3aeccc9377d85ea382091ea50a0915949f,1115,0,1115,Java Vuln (Manual),VIC
796716d44183bd315dd20184a66b39ae533eb747,74,22,96,Java Vuln (Manual),VFC
a36035b49ba7d6514d6c386b51e1ad2512371b3d,58,3,61,Java Vuln (Manual),VIC
1c6815ac1b26fb2f079adbe283c43a7fd0885f3,171,209,380,Java Vuln (Manual),VFC
6b1791179c1092553aa0690da22dac4dff2fc58,171,209,380,Java Vuln (Manual),VFC
8e9792c1963f1aeea81ca618785eb8d71d1cd1d,171,209,380,Java Vuln (Manual),VFC
adb1e6d19c681f394c9513799b81b527b0cb007,171,209,380,Java Vuln (Manual),VFC
787c9b47d801b0cf08d35bca4805986c43f56836,346,138,484,Java Vuln (Manual),VIC
38a882331035ffed205d15a5c92b471fd09659c,2507,2494,5001,Java Vuln (Manual),VFC
c3ad22234ef84d06d04d908b3c94c0d11df8afd,3262,133,3395,Java Vuln (Manual),VFC
fba182c14075789e1d2c976d50d9018c671ad0b,2223,97,2320,Java Vuln (Manual),VFC
b67a6e80598b9ec728997e12bbc13d56bb23ba1c,62,42,104,Java Vuln (Manual),VIC
25c6704bea149ee93c294ae5b6e0aecd182fea88,4,4,8,Java Vuln (Manual),VFC
7c77ac0397a1f93c69d2776a13c31957f55d1647,24,10,34,Java Vuln (Manual),VFC
87172cfc1dd7f8f6e137963c778b03efd14ac446,38,16,54,Java Vuln (Manual),VFC
c9b121a88664988ccbabd83fa27bfc2a5e0bd139,18,10,28,Java Vuln (Manual),VFC
5b5cd6d8137f645c5d57b648afb1a305967aa7f,24,10,34,Java Vuln (Manual),VFC
696ec886a23dae880cf12e34e1fe09c5df8fe94,53,52,105,Java Vuln (Manual),VFC
806949e1b3c22a3b31819a37402489a0303221a,22,8,30,Java Vuln (Manual),VFC
e4f1457e681e015be83c6b0b84947676980e29d,19,11,30,Java Vuln (Manual),VFC
4fd39f2f2616d4ea9e1d25d30dc78931be01dfb0,484,58,542,Java Vuln (Manual),VIC
98891b1d9e022b467a3e4674aca4d1889849b1d,4,3,7,Java Vuln (Manual),VFC
f42b193b15a29b772fc576b2d0f2497e7474a7e,4,3,7,Java Vuln (Manual),VFC
341ecefb8db8d99918c8a69fe57436f72bac509a,130,34,164,Java Vuln (Manual),VIC
46de5d01ae2741ffe04c36270fc62c6d490f65c9,42,0,42,Java Vuln (Manual),VFC
26ff65ccf13111c42942d8652e9e616e91e1fd08,76,21,97,Java Vuln (Manual),VIC
